SEQ,LOCAL_ED,DATA,MES,H_INICIO,DUR_H,dist_m,u,v,key
7.0,PC DA BANDEIRA,01/01/2019,1.0,18:34:00,0.82,0.22843589914430332,25928964,8377467363,0
13.0,PC DA BANDEIRA,03/01/2019,1.0,17:27:00,0.25,14.814893749416926,60685465,285488804,0
14.0,AV VINTE E TRES DE MAIO,03/01/2019,1.0,19:43:00,0.58,3.0289683999580093,3278570091,7284727152,0
15.0,TUN PAPA JOAO PAULO II,03/01/2019,1.0,19:52:00,0.2,1.6745038316763743,3345691430,4530629173,0
22.0,R DA CANTAREIRA,04/01/2019,1.0,14:45:00,0.3,0.27060023331123556,133485708,1938339357,0
28.0,R PAULA SOUSA,04/01/2019,1.0,15:04:00,0.82,0.235990227652425,2580258671,5128445340,0
32.0,AV MERCURIO,04/01/2019,1.0,15:56:00,2.0,0.38494780200305045,661212028,8659531010,0
33.0,AV SEN QUEIROS,04/01/2019,1.0,17:52:00,1.63,10.199655586787538,1938339389,5129396761,0
41.0,PC DA BANDEIRA,08/01/2019,1.0,16:22:00,1.42,3.0289683999580093,3278570091,7284727152,0
42.0,AV LACERDA FRANCO,08/01/2019,1.0,16:48:00,1.53,9.064060410869093,296284916,296285073,0
44.0,AV RIO BRANCO,08/01/2019,1.0,17:09:00,0.8,6.262551181347591,64075366,64095069,0
45.0,AV TERESA CRISTINA,08/01/2019,1.0,17:09:00,0.67,0.41534599417146084,415513303,8013633481,0
54.0,AL SANTOS,11/01/2019,1.0,01:19:00,0.42,0.12865400398626742,60609796,60609797,0
56.0,MARGINAL TIETE,11/01/2019,1.0,16:22:00,1.57,5.510207294251525,25876404,8003522033,0
58.0,MARGINAL TIETE,11/01/2019,1.0,17:40:00,0.08,5.510207294251525,25876404,8003522033,0
77.0,MARGINAL TIETE,17/01/2019,1.0,18:32:00,3.35,2.567864693736313,1964865370,1964865662,0
79.0,R MANOEL DUTRA,17/01/2019,1.0,18:37:00,0.75,1.9584435138444893,2140878170,8404062014,0
81.0,PC DA BANDEIRA,17/01/2019,1.0,18:41:00,0.77,0.22843589914430332,25928964,8377467363,0
82.0,AV RIO BRANCO,17/01/2019,1.0,18:57:00,0.63,6.262551181347591,64075366,64095069,0
84.0,PC QUATORZE BIS,17/01/2019,1.0,19:03:00,0.33,1.7309421122867763,140838867,2584006344,0
87.0,AV MARQ DE SAO VICENTE,17/01/2019,1.0,19:12:00,0.72,1.5448549198413124,2545344487,5522958992,0
88.0,MARGINAL TIETE,17/01/2019,1.0,19:17:00,1.52,2.567864693736313,1964865370,1964865662,0
99.0,R PAULINO GUIMARAES,22/01/2019,1.0,15:04:00,1.27,0.47433194250221544,452091606,2832740797,0
102.0,R MARIA PAULA,22/01/2019,1.0,15:42:00,1.25,1.7610084496230993,395763941,455606272,0
103.0,AV MERCURIO,22/01/2019,1.0,15:56:00,2.98,0.38494780200305045,661212028,8659531010,0
106.0,R CEL ANTONIO DE CARVALHO,22/01/2019,1.0,16:33:00,2.17,0.07731021721359074,4499744470,6346294375,0
109.0,MARGINAL TIETE,22/01/2019,1.0,17:14:00,1.63,5.510207294251525,25876404,8003522033,0
110.0,AV S JOAO,22/01/2019,1.0,17:25:00,1.07,2.167394293641968,1955005725,2283841571,0
115.0,AV RIO BRANCO,24/01/2019,1.0,16:04:00,0.65,0.1947826429019233,64095074,64095075,0
118.0,PC DA BANDEIRA,24/01/2019,1.0,16:22:00,0.47,3.0289683999580093,3278570091,7284727152,0
119.0,AV NOVE DE JULHO,24/01/2019,1.0,16:23:00,0.28,9.784548342743763,60685428,7284616866,0
122.0,PC DA BANDEIRA,24/01/2019,1.0,16:32:00,0.13,2.3409336235790104,25928964,8377467363,0
126.0,R TEIXEIRA LEITE,24/01/2019,1.0,16:38:00,1.12,0.7064707716755282,246650791,4293911305,0
128.0,AV RIO BRANCO,24/01/2019,1.0,16:45:00,1.57,0.03331087163104218,64075357,64095077,0
129.0,R PRES BATISTA PEREIRA,24/01/2019,1.0,16:46:00,0.52,1.3349854730476707,597270,1417145837,0
131.0,AV PRES CASTELO BRANCO,24/01/2019,1.0,16:51:00,0.5,33.86089493266078,582442,1490115459,0
132.0,AV SANTOS DUMONT,24/01/2019,1.0,16:52:00,1.6,2.707067493153061,2390104126,4063613487,0
133.0,R TEIXEIRA LEITE,24/01/2019,1.0,17:06:00,0.6,0.009712373894395901,246650791,445044382,0
136.0,AV DO ESTADO,25/01/2019,1.0,00:55:00,0.35,0.5250700427230712,151243285,151243812,0
137.0,AV RIO BRANCO,25/01/2019,1.0,17:01:00,3.35,6.15049837924284,64095057,64095064,0
140.0,MARGINAL TIETE,25/01/2019,1.0,17:17:00,1.27,5.510207294251525,25876404,8003522033,0
148.0,AV DO ESTADO,25/01/2019,1.0,22:54:00,23.6,0.5250700427230712,151243285,151243812,0
165.0,AV S JOAO,29/01/2019,1.0,19:15:00,0.02,2.167394293641968,1955005725,2283841571,0
166.0,R DA CANTAREIRA,30/01/2019,1.0,16:59:00,1.02,0.27060023331123556,133485708,1938339357,0
167.0,MARGINAL TIETE,30/01/2019,1.0,17:06:00,0.82,5.510207294251525,25876404,8003522033,0
175.0,AV RIO BRANCO,30/01/2019,1.0,17:16:00,1.42,14.10405154556165,64095075,64095077,0
179.0,AV RIO BRANCO,30/01/2019,1.0,17:19:00,1.77,0.1947826429019233,64095074,64095075,0
182.0,MARGINAL TIETE,30/01/2019,1.0,17:23:00,1.37,2.567864693736313,1964865370,1964865662,0
185.0,AV BRAZ LEME,30/01/2019,1.0,17:30:00,0.88,1.506621378047358,2386985729,8002898887,0
188.0,AV OLAVO FONTOURA,30/01/2019,1.0,18:02:00,0.72,1.9880686082658294,453649013,1964865149,0
189.0,AV IPIRANGA,30/01/2019,1.0,18:14:00,0.67,0.1937038189537371,60685686,2390933495,0
190.0,AV SANTOS DUMONT,30/01/2019,1.0,18:21:00,0.78,0.19876916284045254,452091602,5813410700,0
191.0,AV ORDEM E PROGRESSO,30/01/2019,1.0,18:24:00,0.5,19.846606903785183,158834706,2390063242,0
202.0,R PRES COSTA PEREIRA,04/02/2019,2.0,03:14:00,1.2,1.2983242277726272,1417111800,1417111809,0
208.0,AV SANTOS DUMONT,04/02/2019,2.0,03:53:00,5.95,2.707067493153061,2390104126,4063613487,0
213.0,AV SANTOS DUMONT,04/02/2019,2.0,04:54:00,4.72,0.19876916284045254,452091602,5813410700,0
225.0,MARGINAL TIETE,04/02/2019,2.0,07:24:00,2.63,5.510207294251525,25876404,8003522033,0
228.0,AV SANTOS DUMONT,04/02/2019,2.0,07:47:00,23.58,13.737700837784983,4063613484,5813410700,0
230.0,AV RIO BRANCO,04/02/2019,2.0,08:08:00,5.37,0.01455503208303599,64095075,457039825,0
235.0,AV SANTOS DUMONT,06/02/2019,2.0,07:51:00,23.9,0.19876916284045254,452091602,5813410700,0
244.0,AV DO ESTADO,06/02/2019,2.0,12:56:00,0.15,0.4937440557656897,2390104126,4063613484,0
245.0,AV SANTOS DUMONT,06/02/2019,2.0,12:56:00,0.15,1.2399888830022356,5813410700,5813410702,0
260.0,R GLICERIO,06/02/2019,2.0,16:01:00,0.78,11.7803415620597,247951118,445043190,0
268.0,AV MERCURIO,06/02/2019,2.0,18:36:00,3.23,0.38494780200305045,661212028,8659531010,0
289.0,PC DA BANDEIRA,15/02/2019,2.0,21:36:00,0.47,2.3409336235790104,25928964,8377467363,0
293.0,PC DA BANDEIRA,15/02/2019,2.0,21:43:00,0.32,9.784548342743763,60685428,7284616866,0
298.0,AV PRES CASTELO BRANCO,16/02/2019,2.0,08:39:00,1.22,19.00651216000434,2350164776,2350164824,0
300.0,AV PRES CASTELO BRANCO,16/02/2019,2.0,09:07:00,0.05,0.5549106034279391,25777903,1964864774,0
307.0,AV DO ESTADO,16/02/2019,2.0,17:47:00,8.8,1.3349854730476707,597270,1417145837,0
318.0,R TEIXEIRA LEITE,16/02/2019,2.0,19:08:00,2.42,0.009712373894395901,246650791,445044382,0
323.0,MARGINAL TIETE,16/02/2019,2.0,19:32:00,5.17,5.510207294251525,25876404,8003522033,0
324.0,AV MERCURIO,16/02/2019,2.0,19:37:00,4.38,0.27060023331123556,133485708,1938339357,0
325.0,AV CRUZEIRO DO SUL,16/02/2019,2.0,19:47:00,0.63,1.3054856181892813,2934921750,7285457558,0
339.0,PCA 14 BIS,20/02/2019,2.0,19:50:00,1.0,5.906002387605154,2140878165,2140878170,0
341.0,MARGINAL TIETE,20/02/2019,2.0,20:06:00,1.9,1.0081045301985994,25875921,6141137614,0
346.0,R PRES BATISTA PEREIRA,20/02/2019,2.0,20:27:00,0.8,1.3349854730476707,597270,1417145837,0
353.0,AV TERESA CRISTINA,20/02/2019,2.0,20:41:00,1.32,1.0762802936310756,26359247,466929713,0
372.0,PC DA BANDEIRA,21/02/2019,2.0,18:55:00,1.12,2.7211590170300837,25928964,8377467363,0
374.0,AV VINTE E TRES DE MAIO,21/02/2019,2.0,18:57:00,0.78,1.3049450903906863,25928961,25928964,0
384.0,AV DO ESTADO,21/02/2019,2.0,19:22:00,3.25,15.744449798823426,25872766,6213473290,0
387.0,R PRES BATISTA PEREIRA,21/02/2019,2.0,19:25:00,1.72,1.7461925775980154,1417111800,1417111809,0
390.0,MARGINAL TIETE,21/02/2019,2.0,19:30:00,1.38,2.567864693736313,1964865370,1964865662,0
392.0,R SAO PAULO,21/02/2019,2.0,19:34:00,0.32,0.009712373894395901,246650791,445044382,0
393.0,R JOAO TEODORO,21/02/2019,2.0,19:35:00,3.02,6.323978896020686,171970567,2746442538,0
395.0,AV MERCURIO,21/02/2019,2.0,19:37:00,1.43,0.27060023331123556,133485708,1938339357,0
398.0,AV DO ESTADO,21/02/2019,2.0,19:48:00,2.8,0.039947718894391866,171976302,2580258671,0
399.0,AV DO ESTADO,21/02/2019,2.0,20:09:00,0.88,2.9179835245942223,304012714,2389060567,0
403.0,AV DO ESTADO,21/02/2019,2.0,21:13:00,2.62,0.5250700427230712,151243285,151243812,0
418.0,AV RIO BRANCO,24/02/2019,2.0,18:15:00,1.75,0.1947826429019233,64095074,64095075,0
423.0,AV S JOAO,26/02/2019,2.0,01:44:00,2.0,0.5462562007349844,457039865,2283841571,0
426.0,AV NOVE DE JULHO,26/02/2019,2.0,02:49:00,0.22,2.0282824856361037,60686006,1954972591,0
433.0,R PRES BATISTA PEREIRA,26/02/2019,2.0,03:35:00,0.33,0.8431928295262721,1417111800,1417111809,0
450.0,AV RIO BRANCO,26/02/2019,2.0,07:14:00,9.72,0.1947826429019233,64095074,64095075,0
453.0,R PRES BATISTA PEREIRA,26/02/2019,2.0,07:44:00,0.55,1.3349854730476707,597270,1417145837,0
455.0,AV MERCURIO,26/02/2019,2.0,07:51:00,9.23,0.38494780200305045,661212028,8659531010,0
457.0,AV CRUZEIRO DO SUL,26/02/2019,2.0,08:09:00,3.57,14.633456206166322,2934921750,7285457558,0
459.0,PC DESEM MARIO PIRES,26/02/2019,2.0,08:29:00,8.55,0.4939724855031799,1477493799,2578184861,0
464.0,AV OLAVO FONTOURA,26/02/2019,2.0,14:02:00,0.22,14.692971397430913,2400700153,5448920685,0
465.0,AV SANTOS DUMONT,26/02/2019,2.0,15:00:00,2.83,0.19876916284045254,452091602,5813410700,0
467.0,AV SANTOS DUMONT,26/02/2019,2.0,15:04:00,2.12,9.339854141499265,4063613484,5813410700,0
469.0,AV S JOAO,28/02/2019,2.0,02:10:00,0.13,0.5462562007349844,457039865,2283841571,0
475.0,MARGINAL TIETE,28/02/2019,2.0,12:03:00,3.57,2.567864693736313,1964865370,1964865662,0
476.0,MARGINAL TIETE,28/02/2019,2.0,12:18:00,3.32,2.567864693736313,1964865370,1964865662,0
478.0,MARGINAL TIETE,02/03/2019,3.0,18:52:00,3.98,5.510207294251525,25876404,8003522033,0
484.0,AV VINTE E TRES DE MAIO,02/03/2019,3.0,19:05:00,0.7,3.121262826330975,25929413,5496814869,0
486.0,AV RIO BRANCO,02/03/2019,3.0,19:13:00,0.17,0.1947826429019233,64095074,64095075,0
488.0,MARGINAL TIETE,02/03/2019,3.0,19:16:00,3.7,2.567864693736313,1964865370,1964865662,0
492.0,AV NOVE DE JULHO,02/03/2019,3.0,19:23:00,4.77,0.24643553267015364,4350117964,4350117967,0
494.0,TN PAPA JOAO PAULO II,02/03/2019,3.0,19:29:00,1.22,7.870160629614722,25928842,25928939,0
496.0,AV VINTE E TRES DE MAIO,02/03/2019,3.0,19:43:00,0.2,3.0289683999580093,3278570091,7284727152,0
505.0,MARGINAL TIETE,02/03/2019,3.0,19:57:00,0.65,5.510207294251525,25876404,8003522033,0
508.0,MARGINAL TIETE,02/03/2019,3.0,20:08:00,1.05,2.567864693736313,1964865370,1964865662,0
515.0,AV RIO BRANCO,02/03/2019,3.0,20:28:00,0.25,1.7758364634285537,64095074,64095075,0
536.0,R VINTE E CINCO DE MARCO,05/03/2019,3.0,18:12:00,2.95,0.050368753001317504,248110880,248110883,0
539.0,AV DO ESTADO,05/03/2019,3.0,18:20:00,2.93,13.107522818836683,304012714,5128445340,0
540.0,AV MERCURIO,05/03/2019,3.0,18:24:00,2.88,0.27060023331123556,133485708,1938339357,0
541.0,AV SEN QUEIROS,05/03/2019,3.0,18:24:00,2.87,1.7109971879255421,248110871,248110872,0
543.0,R TEIXEIRA LEITE,05/03/2019,3.0,18:37:00,1.93,1.042911694755794,445044382,11453986130,0
570.0,AV OLAVO FONTOURA,07/03/2019,3.0,15:27:00,0.32,14.692971397430913,2400700153,5448920685,0
574.0,AV OLAVO FONTOURA,07/03/2019,3.0,15:45:00,0.43,0.13534347465695273,1640461608,4640724765,0
575.0,AV RIO BRANCO,07/03/2019,3.0,16:48:00,2.55,0.03331087163104218,64075357,64095077,0
576.0,AV MERCURIO,07/03/2019,3.0,17:34:00,0.4,0.38494780200305045,661212028,8659531010,0
577.0,AV MERCURIO,07/03/2019,3.0,17:38:00,1.75,0.27060023331123556,133485708,1938339357,0
578.0,PC DA REPUBLICA,07/03/2019,3.0,17:42:00,1.98,11.487019882055181,148492009,1539025070,0
579.0,AV RIO BRANCO,07/03/2019,3.0,17:58:00,1.38,14.10217011141164,64095075,64095077,0
580.0,AV RIO BRANCO,07/03/2019,3.0,18:02:00,1.33,15.509987188392088,64075354,64075357,0
604.0,PQ ANHANGABAU,10/03/2019,3.0,21:53:00,2.43,2.7211590170300837,25928964,8377467363,0
605.0,VD LESTE-OESTE,10/03/2019,3.0,21:58:00,3.6,0.13740745173297025,175993483,2382948300,0
613.0,AV DO ESTADO,10/03/2019,3.0,22:45:00,2.75,11.414932073482273,4902214144,5476745338,0
618.0,R OTTO DE ALENCAR,10/03/2019,3.0,23:23:00,18.48,4.2404027225514715,445044403,1420074023,0
621.0,MARGINAL TIETE,10/03/2019,3.0,23:46:00,11.7,5.510207294251525,25876404,8003522033,0
622.0,MARGINAL TIETE,10/03/2019,3.0,23:51:00,12.35,5.510207294251525,25876404,8003522033,0
625.0,AV DO ESTADO,11/03/2019,3.0,01:33:00,9.85,11.414932073482273,4902214144,5476745338,0
640.0,AV ZAKI NARCHI,11/03/2019,3.0,04:15:00,6.7,0.23596452819445105,171921295,4917020234,0
641.0,R TIBIRICA,11/03/2019,3.0,04:45:00,3.98,1.4268153405050574,452091580,13310311292,0
642.0,MARGINAL TIETE,11/03/2019,3.0,04:49:00,3.98,4.7719940035991675,1964865370,1964865662,0
645.0,AV MORVAN DIAS DE FIGUEIREDO,11/03/2019,3.0,05:11:00,6.87,29.002769722018275,2348891023,2388985818,0
646.0,AV MARQ DE SAO VICENTE,11/03/2019,3.0,05:13:00,6.78,1.5448549198413124,2545344487,5522958992,0
647.0,MARGINAL TIETE,11/03/2019,3.0,05:27:00,5.63,5.510207294251525,25876404,8003522033,0
650.0,R OSCAR HORTA,11/03/2019,3.0,06:18:00,6.52,0.007188010716817354,445043696,445043699,0
652.0,R SERGIO TOMAS,11/03/2019,3.0,06:37:00,0.97,13.07575485879327,64075421,293820345,0
654.0,R JOAQUIM MANUEL DE MACEDO,11/03/2019,3.0,06:50:00,2.32,5.693411466882721,158834930,5521439967,0
655.0,AV MARQ DE SAO VICENTE,11/03/2019,3.0,06:54:00,3.88,2.5506149119546637,2390063315,11080968453,0
656.0,R SERGIO TOMAS,11/03/2019,3.0,07:05:00,3.18,1.3323332065757265,293820345,5521299375,0
659.0,R SERGIO TOMAS,11/03/2019,3.0,07:39:00,2.3,6.035775499588442,64075421,2389130980,0
660.0,R VISC DE TAUNAY,11/03/2019,3.0,07:43:00,0.55,1.4571213127625657,64075414,293820407,0
662.0,MARGINAL TIETE,11/03/2019,3.0,07:54:00,1.92,5.510207294251525,25876404,8003522033,0
663.0,MARGINAL TIETE,11/03/2019,3.0,07:54:00,1.92,5.510207294251525,25876404,8003522033,0
665.0,R SOLIMOES,11/03/2019,3.0,08:14:00,2.63,0.7086501294385426,445160726,445160742,0
668.0,R DOS AMERICANOS,11/03/2019,3.0,08:26:00,3.53,0.6884025186138976,151268804,445160706,0
670.0,AV S JOAO,11/03/2019,3.0,08:30:00,5.65,0.5462562007349844,457039865,2283841571,0
671.0,R GERALDO BUONO,11/03/2019,3.0,08:30:00,3.47,0.06465828114844975,1964864764,8005577827,0
673.0,R SOLIMOES,11/03/2019,3.0,08:38:00,2.23,0.4754134079910749,445160731,2390039103,0
674.0,AV DO ESTADO,11/03/2019,3.0,08:42:00,2.73,1.196631914706764,396034442,396034445,0
675.0,R JAMES HOLLAND,11/03/2019,3.0,08:46:00,3.17,0.05816768052340644,445160726,445160732,0
676.0,AV OLAVO FONTOURA,11/03/2019,3.0,08:47:00,1.07,1.2017645294592674,1964865137,1964865146,0
678.0,AV OLAVO FONTOURA,11/03/2019,3.0,08:48:00,1.03,0.6181987795825284,1989043121,2400700085,0
679.0,R JOAQUIM MANUEL DE MACEDO,11/03/2019,3.0,08:58:00,0.18,5.693411466882721,158834930,5521439967,0
680.0,R OTTO DE ALENCAR,11/03/2019,3.0,09:15:00,0.23,4.851301504852042,1420074023,8002929479,0
689.0,AV ORDEM E PROGRESSO,12/03/2019,3.0,18:33:00,0.18,19.846606903785183,158834706,2390063242,0
699.0,AV S JOAO,17/03/2019,3.0,14:37:00,0.07,2.167394293641968,1955005725,2283841571,0
700.0,MARGINAL TIETE,17/03/2019,3.0,14:43:00,3.68,2.567864693736313,1964865370,1964865662,0
714.0,AV BRIG LUIS ANTONIO,19/03/2019,3.0,17:50:00,1.23,0.4271640662065233,142808171,863898797,0
715.0,AV VINTE E TRES DE MAIO,19/03/2019,3.0,18:07:00,0.82,0.22843589914430332,25928964,8377467363,0
716.0,R CINCINATO BRAGA,19/03/2019,3.0,18:23:00,0.73,0.028976457277345,457593046,457593047,0
720.0,AV SAO JOAO,20/03/2019,3.0,07:44:00,0.25,0.5462562007349844,457039865,2283841571,0
726.0,R GAL JULIO MARCONDES SALGADO,28/03/2019,3.0,08:44:00,0.05,0.38652330737202134,457051440,4011418236,0
728.0,AV RIO BRANCO,06/04/2019,4.0,14:39:00,1.5,1.7758364634285537,64095074,64095075,0
729.0,AV RIO BRANCO,06/04/2019,4.0,14:45:00,1.38,0.1947826429019233,64095074,64095075,0
730.0,AV VINTE E TRES DE MAIO,06/04/2019,4.0,14:49:00,1.65,3.121262826330975,25929413,5496814869,0
755.0,AV RIO BRANCO,08/04/2019,4.0,14:34:00,0.02,13.679536934422517,64095075,64095077,0
756.0,AV RIO BRANCO,08/04/2019,4.0,14:37:00,1.48,18.121427250864873,64095077,64095080,0
758.0,AV RIO BRANCO,08/04/2019,4.0,17:52:00,1.25,9.847770574396526,60685725,60685726,0
777.0,MARGINAL TIETE,09/04/2019,4.0,17:06:00,1.33,4.7719940035991675,1964865370,1964865662,0
781.0,R AMARAL GURGEL,11/04/2019,4.0,08:18:00,0.47,3.9225000573491666,457026783,457026789,0
786.0,AV ALCANTARA MACHADO,14/04/2019,4.0,16:16:00,4.88,1.7120209198479504,445043409,7991658604,0
787.0,AV SEN QUEIROS,16/04/2019,4.0,10:52:00,0.18,1.7109971879255421,248110871,248110872,0
789.0,R BR DE DUPRAT,22/04/2019,4.0,08:20:00,2.0,1.7109971879255421,248110871,248110872,0
790.0,AV SEN QUEIROS,23/04/2019,4.0,18:03:00,0.22,1.7109971879255421,248110871,248110872,0
791.0,R BR DE DUPRAT,25/04/2019,4.0,07:27:00,0.22,1.7109971879255421,248110871,248110872,0
793.0,AV VINTE E CINCO DE MARCO,26/04/2019,4.0,15:53:00,3.12,1.3630770654649818,4239881193,4239881404,0
794.0,R GLICERIO,26/04/2019,4.0,16:01:00,0.85,0.38719607739780304,176021768,445043191,0
795.0,R SAO PAULO,26/04/2019,4.0,16:11:00,0.38,1.042911694755794,445044382,11453986130,0
796.0,AV MERCURIO,26/04/2019,4.0,16:15:00,2.75,3.843385026855962,661212039,8659531007,0
797.0,AV VINTE E TRES DE MAIO,26/04/2019,4.0,16:25:00,0.5,3.121262826330975,25929413,5496814869,0
798.0,R DA CANTAREIRA,26/04/2019,4.0,16:27:00,2.88,0.27991498318689806,248111223,599043086,0
799.0,R DA CANTAREIRA,26/04/2019,4.0,15:55:00,0.38,0.27991498318689806,248111223,599043086,0
800.0,AV RIO BRANCO,26/04/2019,4.0,16:32:00,0.88,1.7758364634285537,64095074,64095075,0
801.0,AV VINTE E TRES DE MAIO,26/04/2019,4.0,16:32:00,0.42,3.121262826330975,25929413,5496814869,0
802.0,AV ALCANTARA MACHADO,26/04/2019,4.0,16:39:00,1.68,16.118333947392163,396034450,445043108,0
804.0,AV MERCURIO,26/04/2019,4.0,16:46:00,0.02,0.38494780200305045,661212028,8659531010,0
805.0,AV MERCURIO,26/04/2019,4.0,16:50:00,0.58,0.27060023331123556,133485708,1938339357,0
808.0,TN ANHANGABAU,28/04/2019,4.0,18:28:00,0.93,1.7817300567181589,25928842,25928939,0
811.0,AV MERCURIO,29/04/2019,4.0,04:38:00,0.15,0.38494780200305045,661212028,8659531010,0
832.0,AV ALCANTARA MACHADO,03/06/2019,6.0,07:09:00,6.27,5.406094053402495,133491023,133492805,0
833.0,R BENTO FREITAS,03/06/2019,6.0,07:13:00,0.18,0.24029290716566354,457026804,12106554815,0
834.0,R BENTO FREITAS,03/06/2019,6.0,07:17:00,0.03,0.8682213374561897,60685803,60685811,0
835.0,AV MERCURIO,03/06/2019,6.0,07:32:00,0.2,0.38494780200305045,661212028,8659531010,0
837.0,AV S JOAO,03/06/2019,6.0,07:51:00,0.07,2.0902482841214427,148497417,1955005725,0
838.0,AV PACAEMBU,03/06/2019,6.0,07:55:00,0.08,0.455115037938715,2389142760,5541527931,0
840.0,R ORIENTE,03/06/2019,6.0,08:13:00,4.95,0.18555494088684818,437564550,437564551,0
851.0,AV MORVAN DIAS DE FIGUEIREDO,04/07/2019,7.0,06:51:00,16.0,0.9635982694765352,163219528,163220301,0
857.0,AV DO ESTADO,04/07/2019,7.0,08:24:00,0.17,8.02586842992657,461880881,461880885,0
870.0,AV RIO BRANCO,04/07/2019,7.0,14:55:00,0.18,0.1947826429019233,64095074,64095075,0
871.0,AV SEN QUEIROS,04/07/2019,7.0,15:01:00,0.07,0.3919179436033925,25928614,2368800294,0
876.0,R VINTE E CINCO DE MARCO,04/07/2019,7.0,16:13:00,0.25,12.253554641112494,248110882,248110883,0
877.0,R VINTE E CINCO DE MARCO,04/07/2019,7.0,16:17:00,0.15,15.895595364974968,60685973,4249855098,0
878.0,AV MERCURIO,04/07/2019,7.0,17:22:00,2.23,0.38494780200305045,661212028,8659531010,0
883.0,AV MERCURIO,04/07/2019,7.0,23:41:00,8.47,0.38494780200305045,661212028,8659531010,0
887.0,MARGINAL TIETE,05/07/2019,7.0,00:03:00,8.65,5.510207294251525,25876404,8003522033,0
888.0,MARGINAL TIETE,05/07/2019,7.0,00:08:00,10.72,5.510207294251525,25876404,8003522033,0
891.0,MARGINAL TIETE,05/07/2019,7.0,03:17:00,5.25,5.510207294251525,25876404,8003522033,0
894.0,R DOS AMERICANOS,05/07/2019,7.0,05:41:00,4.83,0.30749084380533687,445160719,445160727,0
895.0,R SOLIMOES,05/07/2019,7.0,05:41:00,4.82,0.4754134079910749,445160731,2390039103,0
898.0,MARGINAL TIETE,05/07/2019,7.0,06:52:00,5.32,5.510207294251525,25876404,8003522033,0
900.0,R DOS AMERICANOS,05/07/2019,7.0,07:11:00,3.32,0.03976717389392465,445160719,445160727,0
903.0,AV MERCURIO,05/07/2019,7.0,07:51:00,0.3,0.38494780200305045,661212028,8659531010,0
912.0,R ANHAIA,01/09/2019,9.0,00:28:00,0.73,0.015892293919681538,293820402,929571146,0
913.0,MARGINAL TIETE,01/09/2019,9.0,14:01:00,3.77,2.567864693736313,1964865370,1964865662,0
914.0,AV RIO BRANCO,01/09/2019,9.0,14:24:00,9.77,14.10217011141164,64095075,64095077,0
917.0,PC DA BANDEIRA,02/09/2019,9.0,04:35:00,0.75,0.22843589914430332,25928964,8377467363,0
918.0,R JAMES HOLLAND,02/09/2019,9.0,05:05:00,0.67,2.1041379403668774,445160742,2389114449,0
919.0,AV MERCURIO,02/09/2019,9.0,06:15:00,0.73,0.38494780200305045,661212028,8659531010,0
920.0,AV MERCURIO,02/09/2019,9.0,06:27:00,0.25,0.38494780200305045,661212028,8659531010,0
922.0,R SEN FEIJO,05/09/2019,9.0,11:24:00,0.82,8.646025607084276,60641282,10253168505,0
926.0,AV ALCANTARA MACHADO,28/10/2019,10.0,07:29:00,1.95,1.7120209198479504,445043409,7991658604,0
939.0,AV MERCURIO,05/11/2019,11.0,18:12:00,0.88,0.27060023331123556,133485708,1938339357,0
945.0,MARGINAL TIETE,05/11/2019,11.0,18:20:00,0.67,5.510207294251525,25876404,8003522033,0
946.0,AV VINTE E TRES DE MAIO,05/11/2019,11.0,18:23:00,0.33,0.22843589914430332,25928964,8377467363,0
949.0,MARGINAL TIETE,05/11/2019,11.0,18:28:00,0.45,5.510207294251525,25876404,8003522033,0
951.0,R CAPISTRANO DE ABREU,05/11/2019,11.0,18:30:00,1.27,1.5775486095473872,457039744,457051388,0
960.0,R PRES BATISTA PEREIRA,05/11/2019,11.0,19:12:00,1.3,0.8431928295262721,1417111800,1417111809,0
961.0,AV RIO BRANCO,05/11/2019,11.0,19:27:00,8.27,0.01455503208303599,64095075,457039825,0
968.0,AV MARQ DE SAO VICENTE,06/11/2019,11.0,01:16:00,1.03,3.229468845754656,158834930,1698661770,0
974.0,VD DO CHA,06/11/2019,11.0,12:17:00,0.22,1.5376531283683044,60641488,617798750,0
975.0,R PAULA SOUSA,09/11/2019,11.0,09:07:00,0.67,8.60599587327915,171976302,2580258671,0
976.0,AV VINTE E TRES DE MAIO,10/11/2019,11.0,07:20:00,0.03,1.276452401421763,130009851,1665298742,0
977.0,AL GLETE,12/11/2019,11.0,13:00:00,0.12,0.8317469991677566,64075373,457039935,0
978.0,AL GLETE,12/11/2019,11.0,18:14:00,4.6,0.8317469991677566,64075373,457039935,0
984.0,AV DO ESTADO,14/11/2019,11.0,22:59:00,2.47,0.5250700427230712,151243285,151243812,0
987.0,AV MERCURIO,15/11/2019,11.0,05:35:00,0.0,0.38494780200305045,661212028,8659531010,0
992.0,AV SAO JOAO,15/11/2019,11.0,16:06:00,0.0,0.5462562007349844,457039865,2283841571,0
1008.0,R PRES BATISTA PEREIRA,27/11/2019,11.0,17:57:00,1.05,0.8431928295262721,1417111800,1417111809,0
1016.0,AV MERCURIO,27/11/2019,11.0,19:21:00,1.55,0.38494780200305045,661212028,8659531010,0
1020.0,AV MERCURIO,28/11/2019,11.0,00:31:00,2.73,0.38494780200305045,661212028,8659531010,0
1022.0,AV ALCANTARA MACHADO,28/11/2019,11.0,09:12:00,0.37,16.118333947392163,396034450,445043108,0
1023.0,AV MARQ DE SAO VICENTE,28/11/2019,11.0,09:50:00,1.4,0.2305844311135022,158834930,1698661770,0
1026.0,AL GLETE,28/11/2019,11.0,14:45:00,0.43,0.8317469991677566,64075373,457039935,0
1027.0,AL BR DE PIRACICABA,28/11/2019,11.0,14:50:00,0.37,0.5093397174214314,64095088,457039586,0
1034.0,AV MERCURIO,05/12/2019,12.0,17:37:00,2.13,0.38494780200305045,661212028,8659531010,0
1048.0,R DR BITTENCOURT RODRIGUES,09/12/2019,12.0,17:13:00,2.18,2.3987830639956327,60685384,4872255634,0
1052.0,R GLICERIO,10/12/2019,12.0,14:27:00,0.23,13.233400821943913,247951118,445043190,0
1060.0,R DA CANTAREIRA,10/12/2019,12.0,15:10:00,0.7,0.01611150119694359,171976302,2395227702,0
1066.0,AV RIO BRANCO,10/12/2019,12.0,15:38:00,0.17,1.7758364634285537,64095074,64095075,0
1068.0,AV DO ESTADO,10/12/2019,12.0,15:40:00,0.63,4.3981444068262325,25777943,2348891153,0
1069.0,AV RIO BRANCO,10/12/2019,12.0,15:44:00,1.12,0.01455503208303599,64095075,457039825,0
1070.0,R BR DE DUPRAT,10/12/2019,12.0,15:44:00,0.08,1.2061535087931474,248110869,599043087,0
1073.0,R VENCESLAU BRAS,10/12/2019,12.0,16:19:00,1.08,5.269282611129104,60641101,60641102,0
1074.0,AV RIO BRANCO,10/12/2019,12.0,16:29:00,0.22,14.10217011141164,64095075,64095077,0
1083.0,AV MERCURIO,10/12/2019,12.0,19:04:00,0.62,0.38494780200305045,661212028,8659531010,0
1084.0,R BR DE PORTO CARREIRO,10/12/2019,12.0,19:26:00,0.55,0.21041790334140728,445160719,2390039104,0
1086.0,AV MERCURIO,11/12/2019,12.0,05:55:00,0.35,0.38494780200305045,661212028,8659531010,0
1095.0,R AURORA,11/12/2019,12.0,17:53:00,1.27,4.419693233201376,457026724,457545317,0
1097.0,AV MERCURIO,11/12/2019,12.0,18:17:00,0.25,0.38494780200305045,661212028,8659531010,0
1098.0,PC SAO VITO,11/12/2019,12.0,18:22:00,0.17,4.509896250848709,8659531007,8659531010,0
1099.0,R DR BITTENCOURT RODRIGUES,11/12/2019,12.0,18:23:00,0.98,1.312053872748427,4509498149,4872255634,0
1103.0,R NEWTON PRADO,14/12/2019,12.0,16:05:00,2.52,1.0418697138399964,445160757,445160784,0
1108.0,PC DA BANDEIRA,14/12/2019,12.0,16:27:00,0.12,2.7211590170300837,25928964,8377467363,0
1109.0,MARGINAL TIETE,14/12/2019,12.0,16:29:00,0.72,5.510207294251525,25876404,8003522033,0
1116.0,AV MARQ DE SAO VICENTE,17/12/2019,12.0,16:11:00,0.5,4.2385605356577605,158834930,5521299344,0
1118.0,R MANOEL DUTRA,17/12/2019,12.0,16:15:00,0.9,1.9584435138444893,2140878170,8404062014,0
1119.0,R TAGIPURU,17/12/2019,12.0,16:15:00,0.38,0.9789616162791458,1825091873,4520804331,0
1126.0,AV RIO BRANCO,17/12/2019,12.0,16:35:00,1.42,0.01455503208303599,64095075,457039825,0
1134.0,VD DO CHA,18/12/2019,12.0,13:01:00,0.55,1.5376531283683044,60641488,617798750,0
1138.0,R TAGIPURU,23/12/2019,12.0,14:21:00,0.02,0.9789616162791458,1825091873,4520804331,0
1139.0,AV RIO BRANCO,23/12/2019,12.0,14:23:00,0.9,0.03331087163104218,64075357,64095077,0
1140.0,AV RIO BRANCO,23/12/2019,12.0,14:23:00,0.9,1.7758364634285537,64095074,64095075,0
1152.0,AV ZAKI NARCHI,23/12/2019,12.0,16:44:00,3.77,0.678156854926314,171921295,462038026,0
1153.0,MARGINAL TIETE,23/12/2019,12.0,16:45:00,0.5,5.510207294251525,25876404,8003522033,0
1161.0,AV MERCURIO,23/12/2019,12.0,19:09:00,2.25,0.38494780200305045,661212028,8659531010,0
1162.0,AV ZAKI NARCHI,23/12/2019,12.0,20:10:00,0.3,6.2622934508629555,8657034981,8657034983,0
1164.0,MARGINAL TIETE,31/12/2019,12.0,15:27:00,0.98,4.7719940035991675,1964865370,1964865662,0
