design_d1,district,metric,n_edges_d1,n_flooded_d1,p_MWU_d1,rank_biserial_d1,CI_low_d1,CI_high_d1,se_d1,p_BH_d1,design_d2,n_edges_d2,n_flooded_d2,p_MWU_d2,rank_biserial_d2,CI_low_d2,CI_high_d2,se_d2,p_BH_d2
design1,BARRA FUNDA,Degree,280,8,0.8777335814299607,0.030330882352941124,-0.37631760245436563,0.4369793671602479,0.20747371673842183,0.952930017387429,design2,753,21,0.014329887695499416,0.27498048399687747,0.024360366627749708,0.5256006013660053,0.12786740682098355,0.06839264581942903
design1,BARRA FUNDA,Mean shortest path length,280,8,0.03255749475509982,0.4439338235294117,0.03728533872210493,0.8505823083367184,0.20747371673842183,0.18313590799743648,design2,753,21,3.267195883544316e-05,-0.5312256049960968,-0.7818457223652246,-0.2806054876269691,0.12786740682098355,0.0009801587650632947
design1,BARRA FUNDA,Closeness,280,8,0.03255749475509982,-0.4439338235294118,-0.8505823083367186,-0.037285338722105044,0.20747371673842183,0.18313590799743648,design2,753,21,3.267195883544316e-05,0.5312256049960968,0.2806054876269691,0.7818457223652246,0.12786740682098355,0.0009801587650632947
design1,BARRA FUNDA,Betweenness,280,8,0.7015567682002503,0.07996323529411775,-0.326685249513189,0.4866117201014245,0.20747371673842183,0.8769459602503128,design2,753,21,0.007062085917083861,0.3445225084569348,0.09390239108780701,0.5951426258260626,0.12786740682098355,0.03802661647660541
design1,BARRA FUNDA,PageRank,280,8,0.23952391910697735,0.24448529411764697,-0.1621631906896598,0.6511337789249537,0.20747371673842183,0.4821437772560091,design2,753,21,0.007807417651369539,0.34022898776997135,0.08960887040084359,0.5908491051390992,0.12786740682098355,0.039989212360673244
design1,BELA VISTA,Degree,445,7,0.4227256413749497,-0.16144814090019566,-0.5930435317823803,0.2701472499819891,0.220201730041931,0.6571138940883332,design2,445,7,0.4227256413749497,-0.16144814090019566,-0.5930435317823803,0.2701472499819891,0.220201730041931,0.6001119250079721
design1,BELA VISTA,Mean shortest path length,445,7,0.4526784603719629,-0.16568819308545335,-0.597283583967638,0.2659071977967314,0.220201730041931,0.6571138940883332,design2,445,7,0.0968337746949741,-0.36594911937377694,-0.7975445102559617,0.0656462715084078,0.220201730041931,0.20964013078293361
design1,BELA VISTA,Closeness,445,7,0.4526784603719629,0.16568819308545346,-0.2659071977967313,0.5972835839676383,0.220201730041931,0.6571138940883332,design2,445,7,0.0968337746949741,0.36594911937377694,-0.0656462715084078,0.7975445102559617,0.220201730041931,0.20964013078293361
design1,BELA VISTA,Betweenness,445,7,0.17816535771989173,0.29680365296803646,-0.13479173791414828,0.7283990438502213,0.220201730041931,0.4242588632693429,design2,445,7,0.42293602333895175,0.1767775603392041,-0.25481783054298063,0.6083729512213889,0.220201730041931,0.6001119250079721
design1,BELA VISTA,PageRank,445,7,0.4771056491888569,-0.1568819308545336,-0.5884773217367183,0.2747134600276511,0.220201730041931,0.67092981917183,design2,445,7,0.41612256822427485,-0.1793868232224397,-0.6109822141046244,0.25220856765974503,0.220201730041931,0.598532461144505
design1,BOM RETIRO,Degree,672,19,0.43378413505978397,0.09873458531474166,-0.16481939832374753,0.36228856895323086,0.13446631818290267,0.6571138940883332,design2,672,19,0.43378413505978397,0.09873458531474166,-0.16481939832374753,0.36228856895323086,0.13446631818290267,0.6018375314242917
design1,BOM RETIRO,Mean shortest path length,672,19,0.8894013495616004,-0.018779721125171234,-0.28233370476366043,0.24477426251331796,0.13446631818290267,0.952930017387429,design2,672,19,0.037203023842478665,-0.2802450229709035,-0.5437990066093927,-0.01669103933241428,0.13446631818290267,0.11943685460997938
design1,BOM RETIRO,Closeness,672,19,0.8894013495616004,0.018779721125171234,-0.24477426251331796,0.28233370476366043,0.13446631818290267,0.952930017387429,design2,672,19,0.037203023842478665,0.2802450229709035,0.01669103933241428,0.5437990066093927,0.13446631818290267,0.11943685460997938
design1,BOM RETIRO,Betweenness,672,19,0.06841282881237087,0.24510357056500354,-0.01845041307348566,0.5086575542034928,0.13446631818290267,0.2798706633233354,design2,672,19,0.0963467422042531,0.22366406061094546,-0.03988992302754374,0.48721804424943466,0.13446631818290267,0.20964013078293361
design1,BOM RETIRO,PageRank,672,19,0.6521683781922313,-0.06069154509551056,-0.32424552873399975,0.20286243854297864,0.13446631818290267,0.8631640299603062,design2,672,19,0.8105150449950927,-0.03232046425405011,-0.2958744478925393,0.2312335193844391,0.13446631818290267,0.8991979764662063
design1,CAMBUCI,Degree,691,6,0.1643387272306902,0.30364963503649633,-0.16068125908711434,0.767980529160107,0.23690351741000545,0.4242588632693429,design2,691,5,0.24320502683253198,0.2790087463556852,-0.22926939272435298,0.7872868854357233,0.2593255811632848,0.40629640141901263
design1,CAMBUCI,Mean shortest path length,691,6,0.0011351826543692695,-0.7712895377128954,-1.235620431836506,-0.30695864358928476,0.23690351741000545,0.012770804861654281,design2,691,5,0.08439875486325754,-0.4478134110787172,-0.9560915501587554,0.060464728001320966,0.2593255811632848,0.19264933175308788
design1,CAMBUCI,Closeness,691,6,0.0011351826543692695,0.7712895377128954,0.30695864358928476,1.235620431836506,0.23690351741000545,0.012770804861654281,design2,691,5,0.08439875486325754,0.4478134110787173,-0.060464728001320855,0.9560915501587555,0.2593255811632848,0.19264933175308788
design1,CAMBUCI,Betweenness,691,6,0.25207322898119566,0.2715328467153284,-0.19279804740828227,0.735863740838939,0.23690351741000545,0.4821437772560091,design2,691,5,0.6184005062245101,0.12944606413994175,-0.3788320749400964,0.6377242032199799,0.2593255811632848,0.7918543067508972
design1,CAMBUCI,PageRank,691,6,0.9206436685352501,-0.023844282238442815,-0.4881751763620535,0.44048661188516786,0.23690351741000545,0.9634643042810757,design2,691,5,0.788164935140093,0.06997084548104948,-0.4383072935989887,0.5782489845610876,0.2593255811632848,0.8946737101590245
design1,REPUBLICA,Degree,617,23,0.3410153994857349,0.11133069828721998,-0.12934516653407988,0.35200656310851985,0.12279380858229584,0.5683589991428916,design2,617,21,0.2229858089321204,0.14884947267497606,-0.10260357532157566,0.4003025206715278,0.1282923714268121,0.38070747866459576
design1,REPUBLICA,Mean shortest path length,617,23,0.9709942897505246,-0.004538134972917551,-0.2452139997942174,0.2361377298483823,0.12279380858229584,0.9709942897505246,design2,617,21,0.9781388937208076,-0.0035953978906999584,-0.2550484458872517,0.24785765010585176,0.1282923714268121,0.9847779107220243
design1,REPUBLICA,Closeness,617,23,0.9709942897505246,0.004538134972917662,-0.2361377298483822,0.2452139997942175,0.12279380858229584,0.9709942897505246,design2,617,21,0.9781388937208076,0.0035953978906999584,-0.24785765010585176,0.2550484458872517,0.1282923714268121,0.9847779107220243
design1,REPUBLICA,Betweenness,617,23,0.21348659624946464,0.15283267457180494,-0.08784319024949491,0.3935085393931048,0.12279380858229584,0.45747127767742424,design2,617,21,0.7855029735892021,0.03499520613614582,-0.2164578418604059,0.28644825413269753,0.1282923714268121,0.8946737101590245
design1,REPUBLICA,PageRank,617,23,0.5772945548595165,0.06851119894598146,-0.1721646658753184,0.30918706376728133,0.12279380858229584,0.7872198475357044,design2,617,21,0.717475837628628,0.04650047938638546,-0.20495256861016625,0.2979535273829372,0.1282923714268121,0.842218928653696
design1,SANTA CECILIA,Degree,619,17,0.018278006304826424,0.31854602306038693,0.04001820150925184,0.597073844611522,0.14210603140364036,0.16450205674343782,design2,619,17,0.018278006304826424,0.31854602306038693,0.04001820150925184,0.597073844611522,0.14210603140364036,0.0783343127349704
design1,SANTA CECILIA,Mean shortest path length,619,17,0.10332407223459088,0.23158100449482122,-0.04694681705631387,0.5101088260459563,0.14210603140364036,0.3321130893254707,design2,619,17,0.8440963857369234,0.028043775649794878,-0.2504840459013402,0.30657159720092997,0.14210603140364036,0.9090268769474559
design1,SANTA CECILIA,Closeness,619,17,0.10332407223459088,-0.23158100449482122,-0.5101088260459563,0.04694681705631387,0.14210603140364036,0.3321130893254707,design2,619,17,0.8440963857369234,-0.028043775649794767,-0.30657159720092986,0.2504840459013403,0.14210603140364036,0.9090268769474559
design1,SANTA CECILIA,Betweenness,619,17,0.8210223511135754,0.03224545632206377,-0.24628236522907132,0.31077327787319886,0.14210603140364036,0.952930017387429,design2,619,17,0.6302741836936505,0.06849716630838376,-0.21003065524275133,0.34702498785951885,0.14210603140364036,0.7958733592595033
design1,SANTA CECILIA,PageRank,619,17,0.04606947483632771,0.2835645886261482,0.005036767075013104,0.5620924101772833,0.14210603140364036,0.23034737418163853,design2,619,17,0.034247056124434974,0.30095759233926134,0.022429770788126246,0.5794854138903964,0.14210603140364036,0.11415685374811659
design1,SANTANA,Degree,261,11,0.858785651142715,0.02581818181818174,-0.32346666330153284,0.3751030269378963,0.17820655363250745,0.952930017387429,design2,2335,16,0.30231012084862374,0.1289887882708063,-0.15494789018484978,0.41292546672646235,0.14486565227329393,0.4737695923747089
design1,SANTANA,Mean shortest path length,261,11,0.26785765403111617,0.1978181818181819,-0.1514666633015327,0.5471030269378965,0.17820655363250745,0.4821437772560091,design2,2335,16,0.7482675636043806,0.046517895644674345,-0.23741878281098172,0.3304545741003304,0.14486565227329393,0.8681557367785631
design1,SANTANA,Closeness,261,11,0.26785765403111617,-0.19781818181818178,-0.5471030269378964,0.1514666633015328,0.17820655363250745,0.4821437772560091,design2,2335,16,0.7482675636043806,-0.046517895644674456,-0.3304545741003305,0.2374187828109816,0.14486565227329393,0.8681557367785631
design1,SANTANA,Betweenness,261,11,0.023890873869399684,0.4029090909090909,0.0536242457893763,0.7521939360288055,0.17820655363250745,0.17918155402049762,design2,2335,16,0.010095630620190347,0.3726282880551961,0.08869160959954003,0.6565649665108522,0.14486565227329393,0.05047815310095173
design1,SANTANA,PageRank,261,11,0.6786705861411005,-0.07418181818181813,-0.4234666633015327,0.27510302693789646,0.17820655363250745,0.8725764678957006,design2,2335,16,0.6387929971028041,-0.06802501078050882,-0.3519616892361649,0.21591166767514725,0.14486565227329393,0.7958733592595033
design1,SE,Degree,484,26,0.19052281786084613,0.13705072220356063,-0.09132340485596516,0.3654248492630864,0.11651741176506418,0.4286763401869038,design2,484,25,0.12526330378765083,0.1639215686274509,-0.06872141884985836,0.39656455610476016,0.11869540177413737,0.24584386724679136
design1,SE,Mean shortest path length,484,26,0.1791315200470559,-0.15661740006718172,-0.3849915271267075,0.07175672699234406,0.11651741176506418,0.4242588632693429,design2,484,25,0.004430641125477211,-0.3378649237472767,-0.570507911224586,-0.10522193626996748,0.11869540177413737,0.029076082385944193
design1,SE,Closeness,484,26,0.1791315200470559,0.15661740006718183,-0.07175672699234395,0.3849915271267076,0.11651741176506418,0.4242588632693429,design2,484,25,0.004430641125477211,0.3378649237472766,0.10522193626996737,0.5705079112245859,0.11869540177413737,0.029076082385944193
design1,SE,Betweenness,484,26,0.2806143109739181,0.12579778300302324,-0.10257634405650254,0.354171910062549,0.11651741176506418,0.485678615147166,design2,484,25,0.18194540019770977,0.1585185185185185,-0.07412446895879074,0.3911615059958278,0.11869540177413737,0.3293839141510263
design1,SE,PageRank,484,26,0.7891693005487957,0.031239502855223478,-0.1971346242043023,0.25961362991474923,0.11651741176506418,0.952930017387429,design2,484,25,0.7080761145734957,0.04453159041394339,-0.18811139706336585,0.27717457789125266,0.11869540177413737,0.842218928653696
