u,v,key,length,flood_count,Degree,Mean Shortest Path Length,Closeness,bet,Eigenvector,Pagerank,district
597283,2389087317,0,31.076999999999998,0,5,17.479710727199677,0.05718619992185166,0.014132786295765764,2.0776575966659165e-06,0.0004386022009892021,BRAS
25872274,445042754,0,29.516,0,6,16.00843712334271,0.06244196260509474,0.0032170878502248866,0.00016635264441205438,0.00045486973252874686,BRAS
25872274,661212055,0,48.04600000000001,0,6,16.286460425873845,0.061376026839677335,0.013049616543170578,0.00015988595424868158,0.0004675541140823957,BRAS
25872274,2389062254,0,33.075,0,5,15.89353153877059,0.0628933997320458,0.0032745621636278963,0.00014485570703211736,0.00040106460823398696,BRAS
25872274,2580258671,0,43.644,0,6,15.7525110486139,0.0634564374617425,0.01281161393766837,0.00028373587045146375,0.00045994668403534814,BRAS
60734266,457055125,0,152.24300000000002,0,4,17.049417436721576,0.05862946554811952,0.00011273807629051938,1.1855998695562912e-05,0.0003638156408394064,BRAS
60734266,7991970708,0,36.567,0,4,17.797910807553233,0.05616379602248358,0.062276365972848545,1.0169607989310246e-05,0.00035565832742030735,BRAS
60734266,452091575,0,22.941,0,4,17.76456408196063,0.056269223810385384,0.0620243632140815,4.210355124786369e-06,0.00038301127694171294,BRAS
130009684,8753316632,0,1091.118,0,4,15.43672157492969,0.06475456769559107,0.005064371231011371,5.302232540156806e-07,0.0003688878253238263,BRAS
130010313,2389084586,0,36.339,0,6,15.985536359983929,0.0625314165074897,0.0064864920626499485,8.262529456242546e-06,0.0005013989912739087,BRAS
130010313,4171940000,0,127.196,0,5,15.954600241060668,0.06265266550829746,0.025201749577048002,5.125356702611968e-06,0.0004296790894369346,BRAS
130010313,4338378992,0,179.67000000000002,0,5,16.00843712334271,0.06244196260509474,0.019482318543276683,3.884741557775134e-06,0.00043795577548267126,BRAS
130010313,5825840221,0,103.748,0,5,15.344716753716352,0.06514282721964758,0.004029096739585359,4.636309129528793e-06,0.0004396542596194231,BRAS
130010321,445043137,0,224.514,0,4,17.040980313378867,0.05865849345750324,0.05239373146821818,0.0002652967335903503,0.00038402527872224474,BRAS
132347450,445043886,0,184.505,0,4,16.73804740859783,0.059720121936583374,0.005735641737551653,3.7673810588762466e-08,0.00037647169176839443,BRAS
132347450,1420074032,0,775.0489999999998,0,4,16.539975893933306,0.06043528954527789,0.005904380426901516,3.302695879018689e-08,0.0003880387076618307,BRAS
132347450,8753316633,0,54.687,0,4,16.140618722378466,0.06193060188181411,0.011558231795379655,1.3070377614708202e-07,0.00038505005427113837,BRAS
133492798,445043108,0,148.071,0,4,17.92245881880273,0.05577349862135444,0.012951615470316728,8.212740177999914e-07,0.00037148634827800407,BRAS
133492805,445042845,0,110.21000000000001,0,4,16.78023302531137,0.059569985155389554,0.012603085339039501,1.2017122736868377e-07,0.0003849718823619088,BRAS
133492805,2389081949,0,44.14,0,4,17.54801124949779,0.05696361929619708,0.012879404153477048,1.1225005843048717e-07,0.0003942428669790945,BRAS
151243285,8002929481,0,386.52000000000004,0,4,17.39252711932503,0.05747285747285747,0.06017044818174851,0.0008565246296211675,0.0003799917534657553,BRAS
155430743,619194403,0,150.274,0,5,19.33507432703897,0.0516987012987013,0.09459166710877677,1.4214631993101995e-10,0.00039632364279362076,BRAS
155430743,434003320,0,177.769,0,6,19.3455202892728,0.05167078565346514,0.05207246479329879,1.7476176668226674e-10,0.0004705797415717435,BRAS
155430743,434003319,0,117.514,0,6,19.24869425472077,0.05193070340221248,0.02775935652348194,1.385310985079567e-10,0.0004642123146158419,BRAS
155430745,619194403,0,101.341,0,5,19.321815990357575,0.05173417616235548,0.0918925849293508,2.07347298937462e-10,0.00041034471284123,BRAS
155430745,437564426,0,111.72500000000001,1,5,19.14865407794295,0.0522020100291643,0.00027042401306287984,3.607967691665378e-10,0.0004090000138237713,BRAS
155430745,10677331358,0,101.366,0,5,19.74005624748895,0.050638064030285146,0.09569767921669879,2.65454975664572e-10,0.00042624422531633215,BRAS
155430745,434003337,0,194.865,0,5,19.402169546002412,0.05151992048372401,0.004185308976014053,2.3175444619059595e-10,0.0004300407114633945,BRAS
155430747,4702060041,0,77.738,0,4,19.04901566894335,0.05247505958281484,0.08072046262401188,8.851829268899513e-09,0.00037859501295538965,BRAS
155430747,434003207,0,114.179,0,4,18.67456809963841,0.053527247692605584,0.11910077752430132,2.594835113001653e-08,0.00036921381801698685,BRAS
155430747,434003346,0,124.27900000000001,0,4,19.032141422257936,0.052521584935931266,0.04129455732989077,1.9241631182631797e-08,0.0003710344486435129,BRAS
155430748,2449978346,0,24.526999999999997,0,7,17.385295299316994,0.05749676465150675,0.049338750655796654,8.996457113373785e-07,0.0005240168833077021,BRAS
155430748,2449978339,0,43.547,0,6,17.27320208919245,0.057869885795362036,0.002336551894883902,7.185074786220764e-07,0.0004533366427327434,BRAS
155430748,437564134,0,127.63600000000001,2,6,17.31378063479309,0.057734255348772454,0.11544379012149185,6.539083275273365e-07,0.00045767062911154555,BRAS
155430748,434003353,0,131.77100000000002,0,7,17.398151868220168,0.057454276741178645,0.016563655012644347,7.183466735101241e-07,0.0005241451473822664,BRAS
155430748,2449978357,0,54.866,0,6,17.18119726797911,0.05817977738284538,0.0809960445882776,9.679000196221087e-07,0.0004603789592288893,BRAS
171968211,461894979,0,107.13000000000001,0,6,18.359180393732423,0.054446778711484595,0.04472459487977552,3.694518308688756e-08,0.0004940082188241059,BRAS
171968211,4363507445,0,65.379,0,5,18.948573724387305,0.05275321756461633,0.02095675573711544,1.3323141099280151e-08,0.0004378813831481405,BRAS
171968211,7289324417,0,55.105000000000004,0,5,18.58537565287264,0.053784128493914694,0.03358636768234094,1.4586997303614085e-08,0.00042732748796977404,BRAS
171968212,461894949,0,61.24699999999999,0,5,18.028123744475693,0.055446603672668925,0.024291739614833677,1.5165791997361963e-07,0.0004087690941798768,BRAS
171968212,461879276,0,152.035,0,6,18.01245480112495,0.05549483639283564,0.03815999669891123,1.7774545005107074e-07,0.0004809610050589356,BRAS
171968213,461879447,0,109.342,0,5,18.557251908396946,0.05386563900495789,0.0437814266598287,5.184356866555102e-07,0.000428933116890808,BRAS
171968213,461879288,0,106.49999999999999,0,5,17.78304539975894,0.05621074510867109,0.0006712705065402821,8.110163523212764e-07,0.0004169220871609598,BRAS
171968213,461879342,0,97.987,0,5,18.29047810365609,0.054651290499725426,0.04344173873061347,3.5691785545027133e-07,0.00041709092945990255,BRAS
175991309,434003316,0,60.284,0,4,21.491763760546405,0.04651075841698914,0.0077907168667951734,7.919106219758606e-12,0.0003931985535154965,BRAS
175991309,434003315,0,260.00899999999996,0,4,21.99236641221374,0.04545205429401341,0.0,5.17083748673235e-12,0.0003963983636302087,BRAS
175991309,2826910316,0,52.653000000000006,0,4,21.357573322619526,0.04680298726462123,0.006677336257154815,3.276243587583267e-12,0.00038277206393631027,BRAS
175993525,445043088,0,133.12199999999999,0,6,17.081960626757734,0.0585177693628431,0.11481746747543341,0.003136071235312663,0.0004626432613706748,BRAS
175993525,445043137,0,91.925,0,4,16.994375251104863,0.05881935743161777,0.05419533013835099,0.0007956061932202266,0.00036695356736523975,BRAS
175993525,8002929481,0,16.467,0,4,17.142627561269585,0.05831067779131902,0.062226260161163865,0.0009055587583786547,0.0003669583592741639,BRAS
304023095,5839259645,0,28.625999999999998,0,4,16.823623945359582,0.05941634427090796,0.00468710394303264,0.00014267666629717607,0.00038402351078010055,BRAS
304024158,4307635020,0,258.98400000000004,0,5,17.653274407392527,0.05662395593891532,0.0003728461869477308,2.9913034016143316e-05,0.0004215177128182417,BRAS
304024158,445042769,0,74.336,0,6,17.514262756126957,0.057073383341362145,0.03210456198678385,5.970011346692138e-05,0.0004836432745290887,BRAS
304024158,445042761,0,62.885,0,5,17.603856970670954,0.05678291035238269,0.030812126785387965,2.9018652537343664e-05,0.0004230742762676897,BRAS
304024158,13055459542,0,223.617,0,6,17.18722378465247,0.05815937726454569,0.0017544402591354684,4.0177332713583184e-05,0.0004968845111372335,BRAS
304025569,10724416487,0,111.302,0,4,15.643230212936922,0.0638997328950072,0.0036547768522939617,0.0002913645565601283,0.0003628683052085201,BRAS
304025569,2389060567,0,18.495,0,5,15.39252711932503,0.0649404886197536,0.0031515081849317087,0.0010091006482849086,0.00041816185345576164,BRAS
304025569,5839259646,0,55.243,0,4,16.028927280032143,0.062362141568077,0.0011583284701221991,0.0004667490152258482,0.00035663771996974965,BRAS
334381426,445042910,0,51.212,0,4,19.063479308959423,0.05243524626441021,0.055857664126007275,1.8828021862005293e-09,0.00039010948294359953,BRAS
334381426,2578184873,0,38.062,0,5,19.055042185616713,0.05245846335498018,0.05816768941470517,1.0933864234883704e-09,0.0004608400607486157,BRAS
334381426,445043924,0,115.23599999999999,0,4,18.21695460024106,0.05487186273212474,0.009077994116988227,3.2739529020913177e-09,0.00038421680318371284,BRAS
334381427,1420074013,0,37.853,0,5,19.32141422257935,0.05173525191823834,0.0467081955423512,1.3283967648062116e-07,0.0004661728771846695,BRAS
334381427,445043163,0,72.92699999999999,0,5,18.85978304539976,0.05300157641344638,0.002641607866022954,2.0289349109126412e-07,0.000441224368999474,BRAS
334381427,445042927,0,115.172,0,6,19.0614704700683,0.05244077227889723,0.049228959980193464,3.2232551951133754e-07,0.0005124675989578644,BRAS
396034450,2389081949,0,63.81,0,4,18.33587786259542,0.05451597353082957,0.013509411050394656,1.0569466626301352e-07,0.0003875003391587883,BRAS
396034450,445043108,0,116.08500000000001,2,4,18.260345520289274,0.05474147414741474,0.012374661785771129,2.756876661390392e-07,0.00037527562107327766,BRAS
396034450,445043163,0,74.032,0,4,18.429489754921654,0.05423906171655294,0.003424142748510089,1.6760859407759858e-07,0.0003714651454639447,BRAS
434003207,434003351,0,125.25,0,5,18.559260747288068,0.05385980863315582,0.0016011754233941087,6.54716570269983e-08,0.00042335068632998966,BRAS
434003207,437564208,0,38.529,1,4,18.04218561671354,0.05540338922662391,0.12002331393943681,5.4899841888312874e-08,0.0003640894985817443,BRAS
434003308,5312688634,0,23.493,0,6,18.806749698674167,0.053151036103396714,0.06464165502443395,6.421659438026809e-10,0.0004878339885646666,BRAS
434003308,434003309,0,123.922,0,5,18.893129770992367,0.05290802764486975,0.027817567687056784,1.6499828614423501e-09,0.0004159560839963368,BRAS
434003308,434003321,0,125.34200000000001,0,5,18.93491361992768,0.052791275011139636,0.052552891105334204,6.753182979691251e-10,0.00041229664729419105,BRAS
434003309,434003338,0,133.83,0,5,19.070711128967456,0.05241536225166958,0.00028516101649954904,1.6509490779321097e-09,0.00042642966282840743,BRAS
434003309,462046979,0,233.298,0,5,19.086781840096425,0.05237122950302061,0.02798262212554748,5.894848480628035e-09,0.0004316308655277424,BRAS
434003311,462046979,0,138.674,0,5,19.156689433507434,0.05218011367211258,0.003645197800060127,1.3059404126332892e-08,0.00043337765827849317,BRAS
434003311,434003312,0,120.098,0,5,19.59702691844114,0.051007647046763846,0.003370352685966246,1.9628388337456712e-08,0.00043973340177913626,BRAS
434003311,434003348,0,137.18499999999997,0,5,19.01245480112495,0.052575968893960524,0.0009210627147918251,3.182950948727872e-08,0.000415568088861035,BRAS
434003312,929701848,0,123.259,0,5,20.11611088790679,0.04969142583235135,0.01086927688471537,1.3915745383086132e-08,0.0004957134229598946,BRAS
434003312,434003349,0,136.375,0,6,19.479710727199677,0.05131483964112612,0.009396313391220283,3.687993619627977e-08,0.0005098321034532623,BRAS
434003312,1341559709,0,224.634,0,5,20.113700281237445,0.049697381299562554,0.0007265342694277916,1.6620339367965907e-08,0.0004671566536898208,BRAS
434003314,4721381721,0,106.089,0,2,22.179991964644437,0.04506756511973336,0.0012135922330097086,6.1676936292417786e-12,0.0002527222146040107,BRAS
434003314,4363532846,0,103.058,0,4,21.224186420249097,0.047097128362390446,0.007630083529335479,2.3432017440058756e-11,0.00046421453070639453,BRAS
434003314,929701858,0,160.74,0,4,21.42507030936119,0.04665554034541602,0.006312595422097252,1.1856675330308607e-11,0.0004393786863023096,BRAS
434003315,929701858,0,12.176,0,4,21.591402169546,0.046296124002158504,0.0050842661856508745,9.539053625679795e-12,0.00040781730472048055,BRAS
434003315,434003316,0,153.734,0,4,21.593009240658898,0.04629267838868732,0.00478731556640199,8.850848938479895e-12,0.0003977308226365798,BRAS
434003316,929701849,0,60.039,0,4,20.6428284451587,0.04842351109381082,0.004993633614515359,2.801163102282782e-11,0.00039053210988665844,BRAS
434003318,434003319,0,96.096,0,5,19.59220570510245,0.05102019891315493,0.0277210403145466,9.81963101244775e-11,0.0004084775586118981,BRAS
434003318,437564752,0,147.642,0,4,19.507834471675373,0.051240860879415095,0.002820662457778485,1.0922911505526385e-10,0.00034541315606125575,BRAS
434003318,452096722,0,74.31,0,4,19.880273202089192,0.05028091022998262,0.029698009325575776,4.302794859129369e-11,0.0003517261719985091,BRAS
434003319,461894924,0,149.094,0,6,19.18240257131378,0.05211016860404231,0.004544155009696948,1.8258160418815208e-10,0.00046814111664795897,BRAS
434003320,434003321,0,84.261,0,5,19.16793893129771,0.05214948961411893,0.05129582471218632,3.182499303473865e-10,0.0004100053098984474,BRAS
434003320,4363520576,0,77.579,0,5,19.72679791080755,0.050672097759674135,0.0019821269622320075,1.522747284397056e-10,0.00043623365703260395,BRAS
434003321,434003338,0,123.193,0,5,19.13941341904379,0.052227213568999536,0.0019150735965951628,6.762845012608909e-10,0.0004227702261262617,BRAS
434003323,1418201586,0,30.556,0,5,19.247087183607874,0.051935039452260676,0.002651923768428623,1.5461273340754381e-10,0.00043957047608359217,BRAS
434003323,929701849,0,72.835,0,5,19.721173161912414,0.05068655013649513,0.007020708437229207,1.1480030621846391e-10,0.0004539951964513621,BRAS
434003323,434003324,0,343.086,0,5,19.53957412615508,0.05115762635193486,0.0013683307690947352,1.6981785645787222e-10,0.00046915841522423906,BRAS
434003323,5312688634,0,62.855000000000004,0,6,19.2591402169546,0.051902536715620826,0.006871127852347015,2.7569443138293374e-10,0.0005049923667732434,BRAS
434003324,5316922511,0,11.737,0,4,19.942948975492165,0.05012288972158427,0.010972435908772053,3.312223901011415e-10,0.0004326303377246105,BRAS
434003324,4363532846,0,35.322,0,4,20.292085174768985,0.04926049854475617,0.00994084566820521,9.529272884628845e-11,0.00043952538865916113,BRAS
434003325,1418201594,0,528.464,0,4,18.282442748091604,0.05467531040544995,0.06503586986636485,4.5322864981364905e-11,0.0003860708396286389,BRAS
434003336,434003338,0,82.533,0,5,19.349939734833267,0.051658984261450935,0.00108611715328252,5.879694299580607e-10,0.0004394493873840857,BRAS
434003336,434003337,0,123.112,0,4,19.550421856167134,0.0511292410760157,0.0023660259017572404,2.2172656889113388e-10,0.0003685536592702878,BRAS
434003336,4363520576,0,46.282,0,4,19.78786661309763,0.050515715097864046,0.0026659239216934587,1.7822681105530448e-10,0.00037940757210600364,BRAS
434003337,434003339,0,81.747,0,4,19.423463238248292,0.0514634398593443,0.0012246449855872106,2.706705766475065e-10,0.00037405534568739265,BRAS
434003338,434003339,0,120.657,0,5,19.345922057051023,0.051669712576840006,0.0032458250069263917,6.369134417960243e-10,0.00044530523106582886,BRAS
434003339,4363524811,0,28.352,0,4,19.60104459622338,0.050997191874884704,0.0031890875436952153,4.5826270894867407e-10,0.00040504548359202047,BRAS
434003340,434003341,0,43.136,0,4,19.568099638409,0.0510830510214557,0.004775525963652654,5.393936344940132e-09,0.0003909592434355812,BRAS
434003340,4363524811,0,100.057,0,4,19.7774206508638,0.050542396294641044,0.0042678361952594,1.391155258192449e-09,0.00041526928360326756,BRAS
434003340,13444306183,0,282.895,0,4,19.780634793089593,0.050534183694195066,0.001601912273565942,1.7841376843325574e-09,0.0003959335887931187,BRAS
434003341,434003345,0,17.063,0,4,19.411410204901568,0.05149539480492601,0.03858810664874647,1.115945517177507e-08,0.00036820944055621817,BRAS
434003341,434003346,0,149.06,0,4,19.137002812374448,0.052233792408464895,0.04149424372645764,1.6526964013581616e-08,0.0003730491083849384,BRAS
434003345,434003348,0,130.257,0,5,19.011651265568503,0.0525781910397295,0.002025601122370182,3.0349329577045713e-08,0.00041922701992325265,BRAS
434003345,462046979,0,137.674,0,5,19.134993973483326,0.05223927604090117,0.03849673722743912,1.1579224226364057e-08,0.0004370365893407108,BRAS
434003346,434003351,0,120.462,0,5,18.836480514262757,0.053067144441600544,0.0009696948261328335,5.8764937074267485e-08,0.000425292881464299,BRAS
434003348,434003349,0,116.7,0,6,19.354760948171958,0.051646116162245195,0.0016969659457324584,4.908105733712112e-08,0.000484577446950888,BRAS
434003348,434003351,0,167.33800000000002,0,6,18.66492567296103,0.05355490023032051,0.0017691772625721377,6.999616008532209e-08,0.00048103794920574945,BRAS
434003349,932050229,0,229.21499999999997,0,5,19.773804740859784,0.05055163866143812,0.0005165319704552555,3.878674506252922e-08,0.00043089641942337245,BRAS
434003349,437564132,0,93.58300000000001,0,5,19.090397750100443,0.052361309874568565,0.010568642014607318,7.297836634255472e-08,0.0004128385646762849,BRAS
434003351,434003352,0,114.616,0,6,18.29931699477702,0.05462489296770369,0.003049822861218691,1.649905002263581e-07,0.00047419946675625996,BRAS
434003352,434003353,0,118.31400000000001,0,6,17.91281639212535,0.05580352136368734,0.010534010056531144,3.2418418227373014e-07,0.00046768725456619245,BRAS
434003352,437564134,0,126.84400000000001,0,5,17.773001205303334,0.05624251192440717,0.00404825484405303,2.5974583622374075e-07,0.000400084873691614,BRAS
434003352,437564132,0,75.42,0,5,18.547609481719565,0.053893642369760644,0.011400545858607294,1.6583971058260098e-07,0.0004019852035930976,BRAS
434003353,932050238,0,113.027,0,5,18.18802732020892,0.05495913408438259,0.0013653833684074016,2.6060854790250627e-07,0.0004274734562061258,BRAS
434003353,437564181,0,77.733,0,6,18.184009642426677,0.0549712770658418,0.00511742444338338,2.8530687484193804e-07,0.0004849642713426151,BRAS
434003360,2449978343,0,9.65,0,4,17.752912816392126,0.05630615339353203,0.036095342517433876,3.9564467194611867e-07,0.00038348572621581836,BRAS
434003360,7990934267,0,285.414,0,4,17.29168340699076,0.05780803457329399,0.07868675614975153,1.008776634752117e-06,0.0003823197392391906,BRAS
434003360,2449978346,0,103.087,0,5,17.304941743672156,0.057763744427934624,0.051002558343796606,6.535358748985856e-07,0.0004219181380297646,BRAS
434003382,2389060569,0,17.289,0,4,18.56890317396545,0.05383184040849885,0.00031095077251372014,3.9928148454331406e-08,0.00038563965820424047,BRAS
434003382,2389060633,0,18.511,0,4,18.4949779027722,0.05404700873267585,0.02295288285261228,4.9840007569335294e-08,0.00039314877675089436,BRAS
434003382,2449978337,0,47.743,0,4,18.62193652069104,0.05367853290183387,0.022589615717898383,1.860973662331934e-08,0.0003995977042674923,BRAS
434003385,8815902832,0,53.528999999999996,0,4,18.91281639212535,0.05285295492203764,0.020045272074557446,1.0531462558925644e-08,0.0003782113734551356,BRAS
434003385,434003387,0,154.202,0,4,19.149055845721172,0.05220091477487306,0.01919789437694897,6.9952154206959886e-09,0.0003853723046315281,BRAS
434003385,437564184,0,94.656,0,5,18.42587384491764,0.054249705638655096,0.0005209530714862563,1.732705798058024e-08,0.00043203856523153273,BRAS
434003387,929701837,0,60.401,0,4,19.180795500200883,0.05211453467669299,0.0009505367216651635,4.024298984744471e-09,0.00041669449005122313,BRAS
434003387,929701842,0,77.037,0,4,18.976697468862998,0.052675036521076364,0.01980874316939891,8.140701316294112e-09,0.00038738234480627584,BRAS
437564129,1920057668,0,47.826,0,2,22.108879067898755,0.045212524305366264,0.0012135922330097086,6.98459640662975e-10,0.0002807238530127564,BRAS
437564132,437564181,0,118.072,0,5,18.69586179188429,0.05346628271801264,0.0008974835092931543,1.2696240315427099e-07,0.0004185314758576744,BRAS
437564134,437564208,0,74.897,4,4,17.79750903977501,0.056165063885502735,0.11936162248513037,1.7722777960354345e-07,0.00034921585022300186,BRAS
437564181,4307638048,0,18.779,0,3,18.98192044997991,0.05266054269144478,0.0012135922330097086,9.143222886612986e-08,0.0002739349652923845,BRAS
437564181,932050239,0,111.214,0,5,18.977501004419445,0.05267280618185667,0.003606881591124787,1.1086539337663511e-07,0.0004357115850839557,BRAS
437564182,2620454153,0,99.176,0,5,17.68139815186822,0.05653389079506464,0.04786505031212973,9.173720939111385e-08,0.00042777572191387604,BRAS
437564182,437564206,0,112.12899999999999,0,5,17.822820409803136,0.056085300151033565,0.0364438726487111,9.080533258138289e-08,0.0004295732669795109,BRAS
437564182,2389060569,0,77.632,0,5,18.012856568903175,0.055493598608199135,0.011598758554830495,9.830477488114084e-08,0.0004394898152542671,BRAS
437564182,2449978339,0,112.065,0,5,17.445158698272397,0.05729946339328896,0.07235868687404577,2.7828900000288495e-07,0.0004116003646837178,BRAS
437564184,437564550,0,256.164,0,6,17.91643230212937,0.05579225904830246,0.0424646754027623,2.8771919065098567e-08,0.0004745813772800003,BRAS
437564184,461895016,0,98.885,0,5,18.219365206910407,0.05486460262856135,0.00558164005163846,2.0701084315641403e-08,0.0004160882451201875,BRAS
437564184,2620454153,0,54.47,0,5,17.92888710325432,0.05575350140056022,0.047365465895626645,3.2138061342848486e-08,0.00042224760432677135,BRAS
437564206,437564207,0,79.277,0,4,18.00883889112093,0.05550597893985365,0.03667524360266681,2.4936066627698722e-08,0.00036509793229012557,BRAS
437564206,461895016,0,154.459,0,4,17.918039373242266,0.05578725503385802,0.0006609546041346137,2.6280797935045792e-08,0.00035085337953316155,BRAS
437564207,1920057586,0,17.522,0,4,18.31860184813178,0.05456738677486567,0.04480859579936454,9.529418270992505e-09,0.0003638082386343379,BRAS
437564207,437564220,0,65.609,0,4,18.080353555644837,0.05528643171414604,0.011077068633172406,1.605756748910617e-08,0.00037453904590271177,BRAS
437564208,437564220,0,91.461,0,4,17.827641623141822,0.05607013273837694,0.0122088704971086,4.5464764170329354e-08,0.0003716715856714599,BRAS
437564220,437564330,0,223.21800000000002,0,4,18.162715950180797,0.0550357245559316,0.0008304301436563095,1.1944031871106796e-08,0.00037467817141658013,BRAS
437564221,461895016,0,79.23100000000001,0,5,18.40016070711129,0.054325516398095984,0.005118898143727047,1.3924588972941359e-08,0.00040844407729810075,BRAS
437564221,437564448,0,159.838,0,6,18.243471273603856,0.05479210711768851,0.010906119393307042,1.4214270010844754e-08,0.0004660135603514663,BRAS
437564221,437564444,0,85.212,0,6,18.528324628364807,0.053949736539670834,0.000719165767709457,9.45113054212762e-09,0.00047163584930617935,BRAS
437564221,1920057586,0,139.168,0,5,18.52109280835677,0.053970801969673965,0.006854917148566679,9.023040837038971e-09,0.000415031275182069,BRAS
437564232,437564330,0,84.237,0,4,18.654077942948977,0.05358604350635365,0.00325614090933206,3.5054725683049824e-09,0.00036480876010407435,BRAS
437564232,437564371,0,131.22,0,6,18.781438328646043,0.053222666695189,0.018707889012679717,1.8731813584317754e-09,0.00048296050562415723,BRAS
437564232,4702060041,0,42.569,0,4,19.19566090799518,0.052074176399179536,0.022204979928201318,2.9288964344437963e-09,0.000369136115010256,BRAS
437564234,2389060468,0,77.869,0,4,19.468461229409403,0.05134449099201354,0.017607771706132362,2.0426750465990423e-09,0.0003498341086812037,BRAS
437564234,5695276798,0,37.013,0,4,19.201687424668542,0.05205783273701169,0.00828809073278276,1.6577575609045885e-09,0.00035863849758803923,BRAS
437564234,5706263935,0,144.41199999999998,0,4,19.402571313780633,0.051518853664092104,0.020001797914419275,2.2968197494908623e-09,0.0003567558529188626,BRAS
437564330,5695276798,0,86.367,0,4,18.56247488951386,0.05385048266308818,0.0033371944282337405,3.310649927483476e-09,0.00036458003993715946,BRAS
437564371,5124579530,0,104.721,0,6,19.149457613499397,0.05219981956654008,0.03933158847212643,1.0400086278602141e-09,0.0004800604768921412,BRAS
437564371,437564372,0,237.593,0,6,19.061872237846526,0.052439666982822215,0.009430208499124623,1.0106191054419198e-09,0.0004701648428773478,BRAS
437564371,437564426,0,115.40400000000001,0,6,18.870229007633586,0.05297223641628343,0.00914210008193774,1.0201161339074611e-09,0.00046619700137553544,BRAS
437564371,437564726,0,55.778,0,6,18.840498192044997,0.05305582803770205,0.041346873692090946,1.2124001843917714e-09,0.00046796371290446447,BRAS
437564372,437564742,0,52.085,0,5,19.589795098433104,0.051026477163190385,0.013292040249703785,3.4648624587632236e-10,0.0004101933446893389,BRAS
437564372,437564752,0,82.125,0,4,19.351546805946164,0.05165469418261844,0.004351837114848415,2.9012192651500634e-10,0.00033886209320794765,BRAS
437564426,461894924,0,103.19,0,5,19.119726797910808,0.052280989304250985,0.00838019700426194,3.3964629702349393e-10,0.0003987385257560942,BRAS
437564444,5706263935,0,113.95700000000001,0,5,19.124146243471273,0.05226890756302521,0.017139871847018113,4.93452061592976e-09,0.0004137012488622083,BRAS
437564444,437564548,0,112.96599999999998,0,6,18.618722378465247,0.05368779940442795,0.017083871233958773,7.298381782413392e-09,0.00046898605629165586,BRAS
437564444,2389060468,0,176.065,0,5,19.025311370028124,0.05254044008953837,0.0005828484859202669,4.680375907058587e-09,0.0004063439095692698,BRAS
437564448,7289324417,0,205.727,0,5,18.576938529529933,0.05380855573337947,0.036533768369674785,1.2731255065328018e-08,0.00040530756087146184,BRAS
437564448,437564548,0,84.88000000000001,0,6,18.30333467255926,0.05461290251772505,0.04193782752990138,1.2061521254416237e-08,0.0004633637673369428,BRAS
437564448,437564550,0,147.278,0,6,18.020490156689434,0.05547009118676566,0.016654287583779865,2.4136213515799678e-08,0.0004609651317129853,BRAS
437564460,437564719,0,102.256,0,6,18.611088790678988,0.05370982017572264,0.04215593518076408,2.7400831998936292e-09,0.00046550885342673797,BRAS
437564460,2389060502,0,17.164,0,5,19.078344716753715,0.052394389925451715,0.018323990073154484,2.3305975326459057e-09,0.0003948650513522601,BRAS
437564460,437564548,0,145.12300000000002,0,6,18.645239051828042,0.053611446302361664,0.04215667203093592,5.670333462091069e-09,0.00046469468029561713,BRAS
437564460,2389060468,0,20.425,0,5,19.083165930092406,0.05238115289064803,0.01828420016387548,3.0523275910440667e-09,0.00040223850181040233,BRAS
437564469,437564701,0,108.3,0,6,20.021695460024105,0.0499257535016254,0.0027491879911106395,7.833906763266623e-10,0.00046704581427774823,BRAS
437564469,437564753,0,105.193,0,5,20.304539975893935,0.04923028216391626,0.008813464905300016,5.004382166424635e-10,0.0004083837972955763,BRAS
437564469,2389060502,0,203.202,0,5,19.802732020891924,0.05047779423400759,0.013590464569296338,9.040520518594351e-10,0.00040122757579164026,BRAS
437564469,5706263932,0,108.393,0,5,20.409401366010446,0.04897734207366287,0.0076197676269298105,5.903092385168248e-10,0.00042285996943082515,BRAS
437564548,3456414376,0,103.68,0,5,18.775010044194456,0.05324088934540241,0.01749208622915451,4.960222418915472e-09,0.000420914951681589,BRAS
437564550,461894918,0,79.703,0,5,17.889112093210123,0.055877464851996586,0.04492943922754523,3.348776467989369e-08,0.0003964596688180483,BRAS
437564550,437564551,0,141.81,1,6,17.96263559662515,0.055648750810798724,0.013752571607099699,3.6829981200184336e-08,0.0004726904342675259,BRAS
437564551,929701842,0,96.495,0,5,18.530333467255925,0.05394388794935172,0.011607600756892496,2.6530606002887302e-08,0.0004323138483489365,BRAS
437564551,461894915,0,78.979,0,6,18.036159100040177,0.055421901452374585,0.010664432536945668,6.076525141263345e-08,0.00048308250227418434,BRAS
437564551,929701846,0,67.935,0,5,18.115709120128567,0.055178531825238415,0.01391246809438756,3.703306666968318e-08,0.0004241144373149515,BRAS
437564553,929701844,0,42.874,0,5,18.498593812776214,0.05403644419347132,0.0069602867231388635,6.113407326464458e-08,0.0004633077494041843,BRAS
437564553,929701846,0,78.431,0,5,18.09682603455203,0.05523610771929045,0.011950236086795055,6.482070154830163e-08,0.0004469306835306323,BRAS
437564553,461894881,0,78.345,0,5,18.441542788268382,0.05420361212174027,0.0034875118632877664,8.038856598290458e-08,0.00044898978064744025,BRAS
437564553,437564554,0,175.362,0,5,17.912012856568904,0.05580602471794182,0.01541195819406865,1.6937935963018434e-07,0.0004691955072929918,BRAS
437564554,461879297,0,82.79,0,2,18.24869425472077,0.05477642500165122,0.0012135922330097086,1.3868061624580126e-07,0.00022279044343570016,BRAS
437564554,461879295,0,149.38199999999998,0,4,17.564483728404984,0.05691019717278924,0.015205640145955282,6.240896338447291e-07,0.000389234351341918,BRAS
437564701,437564702,0,103.162,0,6,19.894736842105264,0.05024435558786704,0.003286351766377232,6.290893513534532e-10,0.00046293777882416956,BRAS
437564701,437564705,0,109.937,0,6,19.63077541181197,0.050919956611612534,0.0026976084790822975,8.904759304159318e-10,0.00046116291784149426,BRAS
437564701,2389060502,0,133.671,0,5,19.867818400964243,0.050312430486744456,0.003847094747142495,9.678494623928726e-10,0.00039230530068575615,BRAS
437564702,437564703,0,182.837,0,5,20.48372840498192,0.04879962341126628,0.0025590806467776068,2.6320467851878416e-10,0.00040775129627226213,BRAS
437564702,437564753,0,111.161,0,5,20.418240257131377,0.04895614017827276,0.0008576936000141475,3.461368931648533e-10,0.0004044643244179725,BRAS
437564702,437564720,0,108.314,0,6,20.29087987143431,0.04926342467923333,0.0010256954391921764,3.4831274456090026e-10,0.0004705840731433184,BRAS
437564703,5312688626,0,93.34100000000001,0,4,21.26597026918441,0.04700459088246963,0.030473175706344575,8.869041093866142e-11,0.0003440652784385879,BRAS
437564703,452096702,0,22.773,0,4,21.193250301325833,0.04716587677725118,0.03256288279366427,9.371107346594303e-11,0.00034513449519925213,BRAS
437564705,437564706,0,98.44999999999999,0,5,19.560064282844515,0.05110403615076512,0.0004310573505225741,6.758130090939973e-10,0.00040374541754776785,BRAS
437564705,4307638046,0,50.17,0,5,19.725994375251105,0.05067416188032099,0.008158405102540069,6.181430687121775e-10,0.00040133493420197017,BRAS
437564705,437564719,0,141.018,0,6,18.915226998794697,0.05284621920135939,0.006403964843404601,1.4206229805879032e-09,0.0004663051348368596,BRAS
437564706,437564726,0,142.27999999999997,0,4,19.401767778224187,0.05152098734753888,0.001154644219263032,6.24040591210512e-10,0.0003357068478383987,BRAS
437564706,4307638047,0,51.228,0,4,20.250301325833668,0.04936214114239232,0.0008716937532789832,3.134200155151335e-10,0.0003432106244580093,BRAS
437564719,437564726,0,104.79400000000001,0,5,18.752912816392126,0.053303624989287854,0.03983633083983235,1.3688505710601183e-09,0.0003998495922177833,BRAS
437564719,5695276798,0,94.89399999999999,0,5,18.627963037364403,0.053661166828426615,0.004699630395953809,1.8348090986375592e-09,0.0004139660535465759,BRAS
437564720,2620440924,0,169.216,0,5,20.57774206508638,0.048576672263657306,0.002834662611043321,1.8440624257294867e-10,0.00041128695284729626,BRAS
437564720,437564742,0,98.577,0,6,20.071916432302128,0.04980083668608259,0.0012135922330097086,2.759752929851761e-10,0.00047909405573529377,BRAS
437564720,4307638046,0,49.175999999999995,0,5,20.12173563680193,0.04967753529141625,0.0035258280722231063,2.940786208632731e-10,0.0004053320892580326,BRAS
437564742,4307638047,0,47.001,0,5,20.21896343913218,0.04943864878291108,0.00444025913546843,2.3764674760264953e-10,0.00041606896715691495,BRAS
437564742,437564743,0,157.243,0,5,20.35114503816794,0.049117542543530616,0.010802960369250358,1.6807767003710098e-10,0.0004279401115443861,BRAS
437564743,452096714,0,32.495,0,4,20.897147448774607,0.04783419529732951,0.03303741430432502,4.407240619104809e-11,0.0003886540066878302,BRAS
437564743,452096710,0,13.876,0,4,21.08838891120932,0.04740040770447141,0.029325163138628044,5.7485249078515296e-11,0.0003591601416306168,BRAS
437564752,461894924,0,97.276,0,5,19.56408196062676,0.051093541431358455,0.0071599731197057315,1.9361441182214146e-10,0.00040719933649220537,BRAS
437564753,437564756,0,114.851,0,4,20.7906789875452,0.04807915281750019,0.00877588554653651,2.3939687168136995e-10,0.0003444848213196269,BRAS
437564756,3428900081,0,151.50799999999998,0,5,20.725994375251105,0.048229205032275575,0.001106748958093857,3.8298754745652527e-10,0.00041633733339932846,BRAS
437564756,437564757,0,84.78699999999999,0,4,21.197267979108076,0.04715693707354056,0.007851138580885517,1.4016002061752695e-10,0.00035328872774635596,BRAS
437564757,452096702,0,93.211,0,4,21.56890317396545,0.04634441650367887,0.03000380214688666,7.740642939369542e-11,0.0003508598327693509,BRAS
445042754,457055028,0,415.26599999999996,0,6,16.189634391321817,0.06174310105221362,0.09406481923591585,0.00010312244521777915,0.0004538874861686851,BRAS
445042754,661212055,0,71.136,0,6,16.134592205705104,0.06195373390771682,0.04359279301583933,0.00013072616084227622,0.00046456550036010037,BRAS
445042754,2389062251,0,50.128,0,5,15.978706307754118,0.06255814538231375,0.047669785016593864,0.0001294699307880177,0.00038681013641030554,BRAS
445042755,445042786,0,140.739,0,5,17.21896343913218,0.05805217228988754,0.04995844165030859,0.013691249981599441,0.00041851898022354973,BRAS
445042757,445042795,0,174.981,0,5,17.067898754519888,0.058565980886022315,0.0014788582948697543,0.0005253779854678816,0.0004227287363696586,BRAS
445042758,445042768,0,131.975,0,4,16.978304539975895,0.05887503253744764,0.0023616048007262394,6.245121317553273e-05,0.00035409413528806683,BRAS
445042758,13055459542,0,85.12,0,5,16.929288871032544,0.05904549445855187,0.027685671506298595,4.99349872332099e-05,0.00043302353941752745,BRAS
445042758,2389060577,0,91.298,0,4,16.676175170751307,0.05994169658129954,0.027303983117288863,0.0001217672138654957,0.0003581296886484108,BRAS
445042759,445042761,0,202.63400000000001,0,4,16.9867416633186,0.05884578997161779,0.031195288874741364,1.8443664352449555e-05,0.00036197750124567445,BRAS
445042759,2814556790,0,36.254,0,4,16.486139011651264,0.06063264609835746,0.05881169646488762,2.9107754164932653e-05,0.00037437399813254645,BRAS
445042759,13055459542,0,66.40299999999999,0,5,17.0863800723182,0.058502633559066965,0.02834515241008954,2.9602344528684755e-05,0.0004377369603850504,BRAS
445042761,4307635020,0,316.613,0,4,17.49015668943351,0.05715204557462155,0.0002468448075642091,1.7797718053096335e-05,0.00035570720760963275,BRAS
445042764,445042765,0,87.7,0,4,17.34351145038168,0.05763528539659007,0.0013609622673764008,3.796925165536574e-05,0.0003553859979311361,BRAS
445042764,445042769,0,268.742,0,5,17.43591803937324,0.05732983086778193,0.00044505750378740985,5.424237952426573e-05,0.00041790715726497217,BRAS
445042764,4307635020,0,120.5,0,4,17.591803937324226,0.056821815192070524,0.0005939012384977688,2.4455300073497353e-05,0.00035379240910081005,BRAS
445042765,661212096,0,19.562,0,4,17.33587786259542,0.05766066421006281,0.00255981749694944,3.7852195122448604e-05,0.0003656553071568223,BRAS
445042765,445042771,0,243.934,0,5,17.37725994375251,0.057523351521316934,0.0008812728055128182,0.00010069334723293554,0.00042059024209253274,BRAS
445042766,2530563762,0,62.306,0,5,17.714343109682602,0.05642874963144406,0.0018185462240849794,0.00013702640208261335,0.0004284633885209894,BRAS
445042766,889388738,0,109.963,0,5,17.792286058658096,0.056181551315343796,0.004172782523092884,5.453268800166246e-05,0.0004648818360954976,BRAS
445042766,8003099020,0,124.947,0,6,18.038971474487745,0.055413260874407004,0.006499755365742951,9.065660746753005e-05,0.0004987336709663299,BRAS
445042766,661212096,0,170.596,0,5,17.506629168340698,0.05709826961031808,0.0029761378440353453,5.920931631638433e-05,0.00044348078851167225,BRAS
445042768,445042769,0,117.353,0,5,17.29851345922057,0.057785209959123,0.00040305704399290265,7.125970362242682e-05,0.0004162903398040422,BRAS
445042768,445042796,0,89.28999999999999,0,4,17.158698272398553,0.0582560644375761,0.001817809373913146,0.00011435624545672339,0.0003463588070453445,BRAS
445042769,445042771,0,87.384,0,6,17.284853354760948,0.0578308772256055,0.031960139353104496,0.00011696647510184044,0.0004808672036054561,BRAS
445042771,445042773,0,74.44800000000001,0,5,17.308557653676175,0.057751677073419834,0.03143844943144641,0.00022327174542061733,0.00040756209227026563,BRAS
445042771,445042796,0,117.309,0,5,17.34351145038168,0.05763528539659007,0.0004369521518972418,0.00016006301693614715,0.0004125942412169009,BRAS
445042773,445042774,0,84.24300000000001,0,5,17.611892326235434,0.05675700337622046,0.0339201608101815,0.00047600856234120294,0.0004036012860145606,BRAS
445042773,445042795,0,117.454,0,5,17.314985938127762,0.05773023644337193,0.0023070778880105633,0.0004237305243311301,0.0004087209211964735,BRAS
445042774,445042776,0,125.515,0,6,17.76496584973885,0.056267951240473124,0.06189173018315148,0.0007616320917563211,0.0004756624588688213,BRAS
445042774,445042797,0,124.68700000000001,0,6,17.571715548413017,0.05688677519663435,0.029930117129703313,0.0008914961219906344,0.0004798157700675848,BRAS
445042774,2530563762,0,149.107,0,5,17.68220168742467,0.05653132171502579,0.0022319191704835506,0.00042337944234657987,0.0004102700430147211,BRAS
445042776,2530563802,0,23.708,0,5,18.149859381277622,0.05507470946319867,0.02746314275440489,0.0007659283571950053,0.0004109522892473216,BRAS
445042776,6621565033,0,142.46,0,5,17.76777822418642,0.05625904486251809,0.012295081967213115,0.001209668604663348,0.0004111042256701187,BRAS
445042776,2389062263,0,78.57,0,5,17.88790678987545,0.055881229926105606,0.04708104172929893,0.0005912400237439415,0.0004108827553309825,BRAS
445042786,445042790,0,113.64399999999999,0,4,17.57774206508638,0.056867271605220454,0.0381968392075029,0.0035724654226681673,0.0003484205866356618,BRAS
445042786,6621565033,0,33.514,0,4,17.5431900361591,0.056979274018092295,0.012338556127351288,0.0034628542668108647,0.0003457304827631969,BRAS
445042790,445043071,0,83.74599999999998,0,5,17.771795901968662,0.05624632635529231,0.008315354189140596,0.00206287456652618,0.0004143772982723456,BRAS
445042790,2530563802,0,66.887,0,4,17.7657693852953,0.056265406273321425,0.0315990827689061,0.0012230842598144323,0.00034498354638806564,BRAS
445042792,2530563802,0,78.328,0,5,17.88589795098433,0.05588750617727661,0.058057898739101985,0.0005966774581275564,0.0004149716177986641,BRAS
445042792,2389062263,0,30.496,0,5,18.197669746886298,0.054930012805228065,0.0009299049168538266,0.00042198912467648707,0.00041490208388232495,BRAS
445042792,445042794,0,83.707,0,5,17.874648453194055,0.055922679253764894,0.06276489763677413,0.00033578587767670585,0.00041673600432418913,BRAS
445042792,445043075,0,43.225,0,5,18.08155885897951,0.05528274636151539,0.008685252975400994,0.0006671362221452529,0.00041351737410247027,BRAS
445042794,4348999868,0,148.615,0,4,17.993973483326638,0.05555183423761359,0.05891853973980347,0.00011690561954541674,0.00034933954258299605,BRAS
445042794,2389062275,0,41.994,0,5,17.873844917637605,0.055925193310555656,0.010615800425604659,0.00011850947611029911,0.0004177686305925224,BRAS
445042795,445042796,0,61.882000000000005,0,5,17.18802732020892,0.058156658329632314,0.002905400227539333,0.0003605217958466602,0.0004137530701431087,BRAS
445042795,445042797,0,80.94800000000001,0,6,17.419847328244273,0.05738272060519397,0.0004715841099734144,0.0008392180839805595,0.00048516639940364604,BRAS
445042797,3609406634,0,74.67599999999999,0,5,17.384491763760547,0.057499422232493644,0.029821800154443797,0.0012609746946999538,0.0004402928200126044,BRAS
445042797,6621565033,0,121.512,0,5,17.643631980715146,0.056654901514288966,0.00037726728797873155,0.0013395326348976603,0.00041505459980211877,BRAS
445042803,4307635538,0,106.642,0,4,17.697067095218962,0.05648383581547403,0.0009674842756173331,5.166483154736958e-06,0.0004251144708481348,BRAS
445042803,661212096,0,334.457,0,4,17.231820008035356,0.05800885987409653,0.00020631804811336882,1.8701561171532395e-05,0.0003900199503060175,BRAS
445042803,2449978369,0,223.718,0,4,17.151868220168744,0.05827926260804385,0.000257897560141711,4.774045934821466e-06,0.00040387563911775665,BRAS
445042812,2449978385,0,345.024,0,4,17.94736842105263,0.05569608918537754,0.0114403357678863,4.208083596858106e-06,0.00039144882853808224,BRAS
445042812,445042814,0,189.916,0,4,18.190437926878264,0.05495185087021822,0.011195701510837592,2.9875299748736318e-06,0.00038947897256170756,BRAS
445042812,445042975,0,143.089,0,4,18.29047810365609,0.054651290499725426,0.0004561102563649118,9.979966218389305e-06,0.00038006741943393967,BRAS
445042814,445043385,0,143.33399999999997,0,4,18.659702691844114,0.05356989062096288,0.0005828484859202669,1.7884573847802945e-06,0.00038540499228840953,BRAS
445042814,445042815,0,103.762,0,4,18.476496584973884,0.05410106984430721,0.010482430544502803,1.1168146097860413e-06,0.0003898381975267677,BRAS
445042815,445042816,0,127.613,0,4,18.762555243069507,0.053276231263383295,0.009489893363043131,4.792801022235317e-07,0.0003910408532120253,BRAS
445042815,445043272,0,144.305,0,4,18.77059059863399,0.05325342465753425,0.0008414828962338114,1.134650526393406e-06,0.0003819908318118969,BRAS
445042816,1420055098,0,320.096,0,4,18.844917637605462,0.053043385566570726,0.007857033382260185,1.6032390490279453e-07,0.0003823506842504625,BRAS
445042816,6593466736,0,55.06,0,4,18.980715146645238,0.052663886713375525,0.001856125582848486,3.304391853742583e-07,0.0004002576769543513,BRAS
445042830,445044808,0,30.469,0,5,19.74367215749297,0.05062879003703553,0.0027270824859556356,1.6728298599753758e-09,0.00044494123568425366,BRAS
445042830,8902274914,0,139.577,0,4,19.382482924869425,0.051572248823663534,0.006010486851645533,5.667472687196208e-09,0.0003745660819179454,BRAS
445042830,445062295,0,34.621,0,4,20.091603053435115,0.049752039673652215,0.0026563448694596234,1.4658953257491051e-09,0.00037667687978585614,BRAS
445042845,8753316633,0,113.987,0,4,16.153073523503416,0.06188285039174232,0.012785087331482365,1.4713772017005898e-07,0.0003802135386276384,BRAS
445042845,445042926,0,137.249,0,5,16.936922458818803,0.059018882246892494,0.00026968716289104636,6.099122674240214e-08,0.00044038576297437504,BRAS
445042910,445062262,0,23.639,0,4,19.769385295299315,0.05056293947892533,0.06667904574955347,4.951306033071885e-09,0.00039303744734722095,BRAS
445042913,445062262,0,37.042,0,4,19.14584170349538,0.052209678096277336,0.06786684822654901,1.4588256535898471e-08,0.0003835264660098261,BRAS
445042913,4307595904,0,123.28200000000001,0,4,18.649658497388508,0.05359874189448286,0.01788261682022624,1.4665408597317039e-08,0.0003876667599158835,BRAS
445042913,445043302,0,149.501,0,5,18.54439533949377,0.05390298329614143,0.05284099952252109,5.3446615660069775e-08,0.0004426945365923419,BRAS
445042923,445042925,0,188.748,0,5,18.196062675773405,0.05493486420843453,0.04293036471136105,1.4399851033233879e-08,0.0004222812107485617,BRAS
445042923,4307595904,0,113.74600000000001,0,5,18.171153073523502,0.05501017069072256,0.01712218744289411,1.1330576887230081e-08,0.00045237048625093986,BRAS
445042923,445043886,0,119.291,0,5,17.52711932503013,0.057031518624641835,0.03651313656486345,1.8965878457863276e-08,0.00043661809677008365,BRAS
445042925,445042926,0,147.388,0,5,17.716351948573724,0.05642235123367199,0.042827205687304366,2.5498240909745137e-08,0.0004216121704855178,BRAS
445042926,458788030,0,98.322,0,5,17.81880273202089,0.0560979459313206,0.042883206300363706,2.633489787676171e-08,0.0004463651265053908,BRAS
445042927,8747129200,0,5.079,0,5,18.86942547207714,0.05297449218583656,0.008913676528669366,4.1020633208520977e-07,0.0004311126071561686,BRAS
445042937,445062109,0,427.597,0,4,20.19566090799518,0.04949569299938329,0.03274046368507613,9.868309379092194e-11,0.00036249172823915593,BRAS
445042956,889388738,0,38.712,0,4,17.936118923262356,0.055731021660730684,0.0036304607966234576,1.3269270081489552e-05,0.0004157175788165764,BRAS
445042956,4307635538,0,13.893,0,4,18.09883487344315,0.05522997691351447,0.003295930818611067,4.410820379425511e-06,0.00043050002712558216,BRAS
445042956,3701154929,0,184.454,0,4,17.811169144234633,0.05612198863123703,0.002746240590423306,5.12710691901244e-06,0.00040862262331044854,BRAS
445042975,3495827063,0,132.048,0,4,18.16231418240257,0.05503694199884971,0.0006071645415907711,1.6016117849710524e-05,0.0003738473947456945,BRAS
445042975,445043325,0,209.36900000000003,0,5,18.15628766572921,0.05505521010820739,0.0010271691395358433,3.3889210044167416e-05,0.00043564911854024633,BRAS
445043024,661211993,0,73.02099999999999,0,4,18.02008838891121,0.05547132792294658,0.002490553580797095,0.0002364877725159852,0.00039373708372779603,BRAS
445043024,6564989830,0,183.022,0,4,18.0863800723182,0.05526800986294067,0.02455258457566272,0.0004913198009847864,0.0003929759073881054,BRAS
445043035,3609406629,0,65.282,0,4,18.26396143029329,0.05473063639763303,0.002609186458462282,0.0019073902135538173,0.00038304169373001216,BRAS
445043071,3609406632,0,217.563,0,5,18.146243471273603,0.055085683921533894,0.0018362306282089826,0.001539373282604431,0.000432864320528345,BRAS
445043071,445043075,0,145.21099999999998,0,5,17.786259541984734,0.0562005873051728,0.002165602655018539,0.0015799819272182165,0.00040990102172255415,BRAS
445043071,2389060503,0,145.30700000000002,0,7,17.813579750903976,0.05611439397356669,0.008461250523163622,0.0038879486741832526,0.0005244695284842098,BRAS
445043075,8890725858,0,144.819,0,4,17.88188027320209,0.05590006291003864,0.006331753526564923,0.0008826232592623312,0.0003379899993788073,BRAS
445043082,5571096466,0,14.088,0,5,17.660506227400564,0.0566007689332757,0.001237908288680213,0.0007485968064816583,0.0004063620097244962,BRAS
445043082,445043182,0,35.428,0,5,17.531137002812375,0.05701844849318208,0.004259730843369233,0.0006757428049668788,0.00040811361018577104,BRAS
445043082,445043180,0,114.42399999999999,0,6,17.377661711530735,0.057522021593877884,0.0034602484069299285,0.0018905155438489894,0.00045741691808943394,BRAS
445043082,445043356,0,303.82599999999996,0,5,17.764162314182403,0.05627049643786045,0.0,0.0006706300962038427,0.00041069285005745963,BRAS
445043088,8890725866,0,16.293,0,6,17.651265568501405,0.056630400145673054,0.11462883383144405,0.003958016840304799,0.00043523251272371854,BRAS
445043088,445043180,0,52.115,0,7,17.253113700281236,0.05793726567775889,0.004046781143709362,0.0038839775995522657,0.0005037606913075784,BRAS
445043088,2580267330,0,117.869,0,6,17.335476094817196,0.057662000556225085,0.006298595268832417,0.0031771451561699838,0.0004543174083064738,BRAS
445043088,2389060503,0,11.382,0,8,17.424266773804742,0.05736816620166478,0.0026607659704906243,0.005222904489463295,0.0005661607072371093,BRAS
445043093,4307614262,0,151.052,0,4,17.479308959421456,0.0571875143658346,0.005030476123107032,0.00022329011030778852,0.00037198387327227225,BRAS
445043093,2580267330,0,34.815,0,4,17.497388509441542,0.05712842414640307,0.005776905347174327,0.0008365170985744924,0.0003552805092344519,BRAS
445043093,6593923434,0,207.43400000000003,0,4,17.253917235837687,0.05793456747001979,0.0004406364027564091,0.00024501611355112973,0.0003784346946678254,BRAS
445043099,445043101,0,81.315,0,5,17.10928083567698,0.05842432781495832,0.0020189694708236806,2.0704630549817916e-05,0.00044684579735229554,BRAS
445043099,929726048,0,112.312,0,4,17.03535556448373,0.05867786137119407,0.004642156082550798,2.3287758829650424e-05,0.0003690369874474343,BRAS
445043099,4307614262,0,176.508,0,4,17.45480112494978,0.057267809874554036,0.006620598793923639,6.892990978725584e-05,0.00037056520120103646,BRAS
445043101,2389084586,0,113.438,0,6,16.600241060666935,0.06021588653855463,0.006363438083953761,1.1505494799713545e-05,0.0005109722039303012,BRAS
445043101,2580269444,0,62.917,0,5,17.356368019284854,0.05759259259259259,0.006923444214547191,7.754610751247762e-06,0.0004488388903199101,BRAS
445043101,929726106,0,32.99,0,3,17.389714744877462,0.05748215234618673,0.0012135922330097086,6.984941158153677e-06,0.00028477637785034583,BRAS
445043108,445043594,0,81.596,0,5,18.218561671353957,0.05486702244960967,0.0001311593305863559,4.827853042256833e-07,0.0004399386317900773,BRAS
445043137,6593923434,0,123.26599999999999,0,4,17.099236641221374,0.058458646616541356,0.0014368578350752472,0.0002451791290541572,0.0003826313685097862,BRAS
445043147,4171940001,0,123.042,0,4,16.875050220972277,0.05923527451073758,0.004463101490795268,3.463140697007298e-05,0.0003832576801644961,BRAS
445043147,6593923434,0,228.68599999999998,0,4,17.02129369224588,0.05872633715715432,0.001503911200712092,9.688722073764322e-05,0.00038413807407520725,BRAS
445043147,929726048,0,63.393,0,4,16.823222177581357,0.059417763236453085,0.004037202091475528,2.951906653669469e-05,0.00037615903892605193,BRAS
445043163,445043594,0,117.718,0,5,18.444756930494176,0.05419416672112222,0.0005548481793905954,3.747062321663124e-07,0.00043587159441789707,BRAS
445043180,2389060514,0,13.432,0,6,17.59019686621133,0.0568270065323649,0.008249037673675585,0.0029901833778277487,0.0004417872798864438,BRAS
445043180,2580267329,0,107.709,0,5,17.54399357171555,0.05697666430027252,0.011403493259294628,0.001847560979743313,0.0003881778714318547,BRAS
445043182,445043356,0,265.149,0,4,17.779027721976696,0.05622344752779535,0.002088233386976026,0.0003140719121047967,0.0003447172664227396,BRAS
445043182,445043185,0,70.855,0,5,17.429489754921654,0.05735097505878014,0.0054335331670999345,0.0002424863389661166,0.00041885428740152334,BRAS
445043185,3495827064,0,219.767,0,5,17.435114503816795,0.05733247303898977,0.10671801038664001,0.00010773502257100081,0.0004253505564668059,BRAS
445043185,2449978391,0,151.063,0,5,17.239453595821615,0.0579831736931646,0.04518733678768694,0.00010289568803314014,0.00043502364907555674,BRAS
445043185,2389060511,0,14.317,0,6,17.393330654881478,0.057470202346853926,0.0676664249798103,0.00018695388255497906,0.0004931102647734029,BRAS
445043213,6892826154,0,82.262,0,5,18.07673764564082,0.05529749072077879,0.01037337671907145,2.1092043225574407e-06,0.0004789180479090139,BRAS
445043213,445043235,0,73.83200000000001,0,4,17.9634391321816,0.055646261546375614,0.011015173218738395,7.619169227321929e-06,0.0003812298407857648,BRAS
445043213,2527915002,0,84.029,0,4,17.694254720771394,0.0564928135146795,0.0051697408055835555,2.3404713356302384e-06,0.0003855354856334124,BRAS
445043233,4307614255,0,133.567,0,5,18.43069505825633,0.054235514670619524,0.009329260025583437,0.00012064482639644545,0.00042618789525317326,BRAS
445043233,445043241,0,74.434,0,4,18.19284853354761,0.054944569586149024,0.0025200275876704334,3.161208570986903e-05,0.0003612283544224111,BRAS
445043233,445043235,0,164.862,0,4,18.080755323423062,0.05528520320867498,0.010074215549307066,2.9609200035091455e-05,0.00036937361084546464,BRAS
445043235,445043256,0,83.017,0,4,18.093210124548012,0.0552471466003464,0.0018023355203046433,9.534632195001566e-06,0.00037118693634277043,BRAS
445043241,445043243,0,154.582,0,5,18.32342306147047,0.054553029140263554,0.0030564545127651924,1.9078792954926458e-05,0.00042969815126172,BRAS
445043241,445043256,0,198.221,0,4,18.20811570912013,0.054898499558693734,0.0004163203470859049,1.1537517869780838e-05,0.000363041679919717,BRAS
445043243,445043318,0,95.285,0,5,18.433507432703898,0.054227240034001,0.10450230191993681,1.4540861723444294e-05,0.00042554062541385126,BRAS
445043243,445043378,0,201.585,0,5,18.58617918842909,0.05378180324679536,0.0,1.4316572081315557e-05,0.0004305150403314471,BRAS
445043243,445043325,0,90.041,0,6,18.03053435114504,0.055439190694772496,0.10773781102445754,3.715335613948096e-05,0.0004972198134358505,BRAS
445043256,445043269,0,160.13400000000001,0,5,18.39935717155484,0.05432788889859377,0.001510542852258593,5.7870505180145346e-06,0.00043724911824601656,BRAS
445043269,445043272,0,203.91500000000002,0,5,18.70831659300924,0.05343068828519274,0.001598228022706775,3.0895791809255066e-06,0.00044199312991998244,BRAS
445043269,445043283,0,118.401,0,6,18.507834471675373,0.05400946468110971,0.1029784957645852,3.119510003007406e-06,0.0005145620058187092,BRAS
445043269,445043318,0,105.127,0,5,18.43069505825633,0.054235514670619524,0.10336018415359494,5.829697768123011e-06,0.0004305447078675416,BRAS
445043272,445043385,0,105.847,0,4,18.806347930895942,0.05315217159093337,0.0004111623958830707,1.8062933013865982e-06,0.0003775576265735388,BRAS
445043283,6593466736,0,280.28999999999996,0,5,18.84732824427481,0.05303660122359361,0.0019239157986571643,1.0157404316230026e-06,0.0004666092623410284,BRAS
445043283,445043313,0,152.31199999999998,0,6,18.298915226998794,0.0546260923022878,0.10058299585595463,1.1017779373850293e-06,0.0005070042402794048,BRAS
445043283,4307569903,0,131.201,0,5,18.601446364001607,0.05373766172055552,0.005026055022076031,1.0246071732188502e-06,0.0004742576200297967,BRAS
445043302,2778109014,0,25.872,0,5,18.605865809562072,0.053724897430360616,0.05419459328817915,5.961307350065584e-08,0.00043687201733619833,BRAS
445043302,445043306,0,54.596,0,6,18.341100843712333,0.05450044905916628,0.07616820226242477,1.5292896608299895e-07,0.0004979146569451528,BRAS
445043302,2778108991,0,36.055,0,5,17.938127762153474,0.055724780505285794,0.030296331665104544,6.400213129819086e-08,0.00043404739994032685,BRAS
445043306,2778108997,0,19.284,0,5,18.3338690237043,0.05452194683671904,0.026145654647166665,1.562737696832622e-07,0.0004258702944921,BRAS
445043306,445043313,0,25.122,0,6,18.480916030534353,0.054088132350703276,0.08905865916847931,4.0104142077746614e-07,0.0004916580143675386,BRAS
445043306,2778109002,0,46.260000000000005,0,5,18.684612294094013,0.05349847331527115,0.03834715664255693,1.4061472238917523e-07,0.0004285978352017888,BRAS
445043313,458788026,0,279.28900000000004,0,5,18.518682201687426,0.05397782743583624,0.000719165767709457,3.660209641334793e-07,0.00042198611170389587,BRAS
445043313,8480423186,0,25.621999999999996,0,5,18.015267175572518,0.055486173059768065,0.010897277191245041,3.769648234056547e-07,0.00042890187827750533,BRAS
445043318,445043378,0,104.60900000000001,0,4,18.893129770992367,0.05290802764486975,0.001615912426830778,6.81794424627997e-06,0.00035750935926101243,BRAS
445043325,445043342,0,99.687,0,5,17.993571715548413,0.05555307462153351,0.0025406593924817704,7.977498738633025e-05,0.0004251461636002877,BRAS
445043325,3495827064,0,126.779,0,5,17.872639614302933,0.05592896481960211,0.10693980228836189,5.097460539903407e-05,0.00042677895733159735,BRAS
445043342,445043356,0,59.245,0,4,17.923664122137403,0.05576974804985206,0.0017529665587918016,0.0002081209776969747,0.0003493058052527923,BRAS
445043342,6593836242,0,115.491,0,4,18.24266773804741,0.0547945205479452,0.0034013003931832515,0.0001262989553646017,0.00034763190165487565,BRAS
445043378,445043385,0,103.11500000000001,0,4,19.102852551225393,0.05232717100973773,0.0005216899216580897,4.322122246464382e-06,0.0003715095070142265,BRAS
445043409,458788026,0,136.406,0,5,18.627963037364403,0.053661166828426615,0.00026895031271921294,1.1201884401735468e-07,0.00042640916030776033,BRAS
445043409,458788024,0,76.40700000000001,0,5,18.59019686621133,0.05377018002636641,0.0018995997429866601,6.40810653552485e-08,0.00043218289312784336,BRAS
445043409,2389081920,0,126.91,0,6,18.427882683808757,0.05424379183290819,0.0040401494921628615,6.150745997555632e-08,0.0005048937810044699,BRAS
445043409,7991658604,0,73.659,2,5,18.033748493370833,0.05542930980706679,0.0038795161547031673,4.690603248583295e-08,0.0004382274419214472,BRAS
445043546,445043594,0,147.008,0,5,18.08758537565287,0.05526432696579298,0.0010979067560318554,8.181552169498913e-07,0.0004339318434424109,BRAS
445043594,8747129200,0,74.265,0,5,18.675773402973082,0.05352379313312108,0.0004568471065367452,4.7246030506187695e-07,0.00043218090169998383,BRAS
445043886,2778108991,0,100.98,0,4,17.41663318601848,0.057393310265282584,0.040167176566985575,3.285622580848114e-08,0.0003646154193134009,BRAS
445043918,7991658604,0,37.71,0,4,18.285656890317398,0.05466569990991585,0.04776262813824488,1.6585654890397367e-08,0.00037695924011553825,BRAS
445043918,445062262,0,117.74199999999999,0,4,19.10084371233427,0.05233267426696395,0.0009041151608396555,1.0404205059356659e-08,0.0003853205013863346,BRAS
445043918,2778109014,0,103.934,0,4,19.116512655685014,0.052289779533847544,0.04757841559528651,2.340303049476027e-08,0.00037421873769223613,BRAS
445043924,2778109015,0,179.95,0,4,18.01848131779831,0.05547627541919372,0.0034337218007439237,9.16830518195314e-09,0.00037852639290936386,BRAS
445043924,1420074016,0,22.354,0,4,17.55082362394536,0.05695449134694625,0.013107827706745422,6.58761288911939e-09,0.0003859191279489265,BRAS
445044808,3666585047,0,15.037,0,5,20.220168742466853,0.04943570179621682,0.003811725938894489,6.96125424685082e-10,0.0004479200817945855,BRAS
445044808,5825757125,0,10.279,0,5,20.356769787063076,0.049103970948132944,0.0025443436433409375,7.515029080331532e-10,0.0004457004139770555,BRAS
445062295,5825757125,0,16.071,0,4,20.739252711932505,0.048198372723750486,0.0006661125553374479,5.445683708852113e-10,0.00037739078489477587,BRAS
445062295,4617459762,0,11.927,0,4,20.423865006026517,0.04894265761778303,0.0021324443972860333,5.02332132687321e-10,0.00038141597128554523,BRAS
452091575,461879447,0,102.54400000000001,0,4,18.282442748091604,0.05467531040544995,0.043547108305185656,1.0595870398039131e-06,0.00038198101806672226,BRAS
452096710,2620440924,0,83.75999999999999,0,4,21.35998392928887,0.046797705257218096,0.030350121727648387,6.415424312980898e-11,0.0003491089370338206,BRAS
452096714,452096718,0,46.856,0,5,21.087987143431096,0.047401310775796374,0.03171403139571212,1.6085621638320304e-11,0.0004829460263148104,BRAS
452096718,6726776012,0,10.191,0,3,21.564885496183205,0.046353050768514203,0.0012135922330097086,7.964494581355157e-12,0.00030051641514394843,BRAS
452096718,452096722,0,91.351,0,5,20.715548413017277,0.04825352495102888,0.027355562629317206,1.752538882736175e-11,0.00045456384483260774,BRAS
457055028,457055125,0,80.609,0,5,16.446364001607073,0.06077928423109808,0.05937907109719938,4.298426285302464e-05,0.0004076302059957175,BRAS
457055028,5839259628,0,157.475,0,6,16.696263559662516,0.05986957672594268,0.05314089754245731,5.312026433063187e-05,0.00045495025860673,BRAS
457055125,457055128,0,251.073,0,4,16.76858175974287,0.05961137599731653,0.059209595557677686,1.0470541477783555e-05,0.0003618829254561694,BRAS
457055128,461879288,0,24.92,0,4,17.265568501406186,0.05789547168055103,0.04318163061995626,2.5518664778693967e-06,0.0003574207357775692,BRAS
457055128,461879295,0,56.541999999999994,0,4,17.18802732020892,0.058156658329632314,0.017965144039471588,2.5156675463809697e-06,0.00037105962643628037,BRAS
458788024,2527915011,0,81.30199999999999,0,4,18.470871836078746,0.054117544699177796,0.0028715051196349936,4.380447222119015e-08,0.0003686596594240551,BRAS
458788024,458788026,0,133.175,0,4,18.802330253113702,0.05316352913523793,0.00022547615258103877,1.024066330046064e-07,0.0003557663634449641,BRAS
458788030,458788031,0,57.572,0,4,18.56126958617919,0.053853979523366305,0.044698805123761357,2.2456535449262392e-08,0.0003927856395517612,BRAS
458788031,1420074013,0,36.995,0,4,19.289674568099638,0.05182037823877364,0.04529344321243096,4.1051808576811326e-08,0.00040414491546364564,BRAS
458788031,2389081949,0,144.612,0,4,18.42587384491764,0.054249705638655096,3.3895107904339164e-05,4.919169537217964e-08,0.00039651468341232553,BRAS
461879276,4363506672,0,43.763999999999996,0,5,18.4186420249096,0.05427100602041707,0.04292152250929905,1.5567304706170824e-07,0.0004349059442667891,BRAS
461879276,461894878,0,78.77099999999999,0,6,17.839292888710325,0.05603351200396379,0.030384016835552724,3.7625647753488816e-07,0.0004826755223813987,BRAS
461879288,461894878,0,190.577,0,5,17.5564483728405,0.056936244221703514,0.041924564226808375,8.034230816766984e-07,0.00041471616294594664,BRAS
461879295,461894879,0,186.144,0,5,17.493772599437523,0.057140232419273344,0.0028103465553728168,7.470366337608383e-07,0.00044194598751124515,BRAS
461879342,4363506672,0,55.879,0,4,18.654881478505423,0.053583735354927636,0.042726994063935014,1.2874115432751053e-07,0.00036451108121693306,BRAS
461894878,461894949,0,149.94299999999998,0,5,17.841703495379672,0.05602594127184291,0.01437447315212714,3.5016894745207425e-07,0.00041041234558354526,BRAS
461894878,461894879,0,75.059,0,6,17.940136601044596,0.05571854074754216,0.002967295641973344,5.075223705825507e-07,0.0004938065610068323,BRAS
461894879,461894945,0,148.15200000000002,0,5,17.72077139413419,0.05640827986487405,0.0005150582701115886,3.2200502149501304e-07,0.0004255460022301846,BRAS
461894879,2449978326,0,65.715,0,5,18.085576536761753,0.05527046540042208,0.00552416573823545,3.0492780101643306e-07,0.0004572904499116003,BRAS
461894881,2449978326,0,7.385,0,4,18.399758939333065,0.05432670262244252,0.00552416573823545,9.299000745200464e-08,0.00038444339149635144,BRAS
461894881,461894915,0,147.80899999999997,0,5,18.478505423865005,0.05409518839823452,0.002063917331305522,7.162358733652094e-08,0.000425470435359407,BRAS
461894915,461894918,0,134.863,0,5,17.96544797107272,0.05564003935951337,0.0029378216351000053,5.74230348994669e-08,0.0004064033455941944,BRAS
461894915,461894945,0,74.54199999999999,0,5,17.914423463238247,0.055798515328892774,0.01116770120430792,1.1823154822362562e-07,0.0004137535223683026,BRAS
461894918,461894979,0,189.685,0,5,18.239453595821615,0.05480417639543592,0.04164456116151166,4.4440992027563046e-08,0.0004060174176537519,BRAS
461894924,619194403,0,111.54099999999998,0,5,19.24387304138208,0.05194371372499896,0.004170571972577384,1.8619682959708736e-10,0.0004000832247735529,BRAS
461894945,461894949,0,70.868,0,4,18.15066291683407,0.055072271288487504,0.010993804563755224,1.6465159835316166e-07,0.00034136328672769824,BRAS
462046979,6597477483,0,35.063,0,5,19.654881478505423,0.050857504956971444,0.01440026290814131,5.788149051021992e-09,0.0004749292813142198,BRAS
661211993,8002929481,0,168.014,0,4,17.68139815186822,0.05653389079506464,0.0018487570811301513,0.00039300362174000025,0.00038724664563906874,BRAS
661211993,2389060528,0,13.876000000000001,0,4,18.462434712736037,0.0541422758035384,0.00311982362754287,0.0002500213005894907,0.0003955461417644098,BRAS
661212053,5839259644,0,13.472,0,4,17.851747689835275,0.05599441856277992,0.0006174804439964396,2.099881439344128e-05,0.00041071389362449086,BRAS
661212053,13055459542,0,80.54599999999999,0,5,17.362394535958217,0.05757260210575032,0.0022274980694525497,3.1707750896470166e-05,0.00045045888121120214,BRAS
661212053,5839259645,0,28.345,0,4,17.288469264764966,0.057818781808463664,0.0022031820137820455,4.070421216589151e-05,0.0003947093423872768,BRAS
661212055,5839259633,0,27.288,0,5,16.373644033748494,0.06104922216224174,0.05753841936795939,7.989692867258602e-05,0.00043737241512174807,BRAS
661212055,2389062254,0,37.294999999999995,0,5,16.064684612294094,0.06222333375015631,0.0005681114824835977,0.00010922922346232926,0.0004103151912746349,BRAS
889388738,6845621336,0,10.582,0,2,18.432703897147448,0.054229603958237976,0.0012135922330097086,1.1850264353645875e-05,0.0002279397945545132,BRAS
890510535,8003099021,0,83.432,0,4,17.86661309762957,0.055947829997751296,0.053585218196072884,2.7224322015943454e-05,0.00036848437688339486,BRAS
890510535,2389060584,0,142.236,0,4,17.88388911209321,0.055893783838429224,0.01573543541950354,1.4735221119867849e-05,0.00038448847530361737,BRAS
890510535,3701154929,0,95.91399999999999,0,4,17.822820409803136,0.056085300151033565,0.06682641578392017,8.739284002810781e-06,0.0003921357941090178,BRAS
929686992,1341559709,0,107.458,0,2,20.590598633989554,0.04854634146341463,0.0012135922330097086,6.14299397334886e-09,0.00022128173161401073,BRAS
929701837,4363518264,0,11.408000000000001,0,2,19.67738047408598,0.050799354799191454,0.0012135922330097086,1.7724520244144205e-09,0.0002387113994938877,BRAS
929701837,2449978337,0,311.85699999999997,0,4,19.07754118119727,0.052396596748378405,0.001475174044010587,6.11688561730274e-09,0.00042045012893096427,BRAS
929701841,929701843,0,53.628,0,4,19.4568099638409,0.0513752374659288,0.0011428546165136967,1.0146531700223413e-08,0.00039465253870611276,BRAS
929701841,8815902829,0,76.588,0,4,19.457613499397347,0.051373115837290935,0.007621241327273477,6.832727914136322e-09,0.00041605561532888146,BRAS
929701841,929701842,0,68.368,0,4,19.320208919244678,0.05173847945433372,0.008092825437246891,9.027362779515686e-09,0.0003888119458851254,BRAS
929701843,929701844,0,77.934,0,4,19.084371233427078,0.052377844676954166,0.000627796346402108,1.9253618138706263e-08,0.0003907524895927945,BRAS
929701843,929701846,0,43.051,0,4,18.62193652069104,0.05367853290183387,0.0013734887202975696,2.2940246424900107e-08,0.00037545688877937896,BRAS
929701844,8815902829,0,53.597,0,4,19.3704298915227,0.05160433907867173,0.006742915922447993,1.5939814351072144e-08,0.00041215556621556303,BRAS
929701847,929701848,0,117.223,0,4,21.111691442346324,0.047348088378023484,0.0036363555979981254,3.240220870720744e-09,0.000496200975588401,BRAS
929701847,1920057593,0,41.359,0,2,22.110486139011652,0.045209238093507534,0.0012135922330097086,6.862611521253626e-10,0.00028989213925553666,BRAS
929701847,1920057648,0,15.335,0,2,22.110486139011652,0.045209238093507534,0.0012135922330097086,6.862611483698053e-10,0.00028989213925553666,BRAS
929701848,1920057668,0,56.818,0,4,21.110887906789877,0.04734989056998763,0.006053224161611874,3.250839552670478e-09,0.0004870326893456209,BRAS
929701849,929701858,0,215.201,0,4,20.681799919646444,0.04833226489500165,0.0008739043037944836,2.8699831748935228e-11,0.0004006185919705592,BRAS
929726048,2389084586,0,73.921,0,5,16.541984732824428,0.060427950355815704,0.002410973762239081,1.4088623079546825e-05,0.00043503210329704384,BRAS
929726170,4358383857,0,53.801,0,2,19.76496584973885,0.05057424535013721,0.0012135922330097086,1.5907388572948682e-08,0.000276970698765644,BRAS
932050229,932050239,0,91.098,0,4,19.48292486942547,0.051306374115851774,0.002842767962933489,4.445404836250655e-08,0.00036890917053998117,BRAS
932050229,1341559709,0,141.39499999999998,0,4,19.897549216552832,0.050237253912165575,0.001699176496247959,1.8527148229968018e-08,0.00038544301206221664,BRAS
932050238,932050239,0,77.887,0,4,18.975893933306548,0.052677267049183796,3.3895107904339164e-05,8.616706638961771e-08,0.00037498522016513535,BRAS
932050238,4728200698,0,142.96099999999998,0,3,18.80433909200482,0.05315784975643108,0.00019158104467669962,7.708175667910601e-08,0.0003133841425211618,BRAS
1418201586,5312688634,0,88.297,0,5,18.794294897549218,0.053186258791337995,0.030476859957203742,2.45130692922091e-10,0.00042628279437087344,BRAS
1420055087,4338398875,0,108.146,0,2,20.862997187625552,0.04791249422276999,0.0012135922330097086,1.1247393698198701e-10,0.00022391597039903038,BRAS
1420055087,2578184873,0,78.335,0,5,19.879871434310967,0.05028192639599038,0.005645009166416137,3.8185351687575547e-10,0.00047283057249493783,BRAS
1420055087,3666585047,0,130.68200000000002,0,4,20.36359983929289,0.04908750123310644,0.003440353452290425,2.6167253059606153e-10,0.0003921177391260783,BRAS
1420055098,2389081920,0,68.91499999999999,0,5,18.72358376858176,0.05338712100079394,0.0026401341656792873,5.935679385879416e-08,0.00044135226202159485,BRAS
1420055098,2778109018,0,69.253,0,4,19.295701084773,0.05180419347450393,0.005204372763659728,4.822621281311728e-08,0.00037044063207454866,BRAS
1420074013,6954442680,0,9.415,0,2,19.870229007633586,0.050306326708049416,0.0012135922330097086,3.039233856412443e-08,0.00022548856927604002,BRAS
1420074016,1420074032,0,281.63800000000003,0,4,16.9750903977501,0.058886180208752456,0.05455491302220571,1.1066646912639312e-08,0.000388715073913275,BRAS
1420074016,7991658604,0,13.467,0,4,17.562073121735637,0.05691800878477306,0.048794218378811725,1.4182494907765148e-08,0.0003796738140794969,BRAS
1920057586,5706263935,0,78.941,0,4,18.77541181197268,0.05323975006419584,0.03746367328652861,4.506430913168904e-09,0.00035449483505710345,BRAS
1920057668,1920057699,0,90.183,0,4,22.108075532342305,0.045214167590455594,0.0036363555979981254,7.454367001217846e-10,0.0005482382909370761,BRAS
1920057699,4363536438,0,14.685,0,2,23.106870229007633,0.04325978474431868,0.0012135922330097086,1.57879441230088e-10,0.0003089054712173913,BRAS
1920057699,4363536670,0,10.78,0,2,23.106870229007633,0.04325978474431868,0.0012135922330097086,1.578794394160817e-10,0.0003089054712173913,BRAS
2367542766,8815902829,0,135.317,0,2,19.94696665327441,0.05011279407025459,0.0012135922330097086,3.98013056647848e-09,0.00023664292369269635,BRAS
2389060476,2389060625,0,130.156,0,4,18.10566492567296,0.055209142349938976,0.0009114836625579901,1.6517130405061317e-06,0.0003993837584782297,BRAS
2389060476,2449978372,0,218.765,0,4,17.953796705504217,0.05567614742542574,0.0,1.4910858562320552e-06,0.0004001328951547223,BRAS
2389060476,8890573836,0,81.28399999999999,0,4,17.814383286460426,0.05611186287776274,0.0019983376660123436,3.9283624640957695e-06,0.00039637157544483763,BRAS
2389060503,2449928273,0,111.35499999999999,0,6,18.125351546805945,0.055149177638870416,0.004584681769147788,0.003349177588040772,0.00048063688236478963,BRAS
2389060503,8890725866,0,15.085,0,6,18.12856568903174,0.05513939984929746,0.010951804103960718,0.004161696229295571,0.0004370571360735384,BRAS
2389060503,2389060514,0,50.521,0,7,17.742466854158298,0.056339303910690426,0.0,0.004329110267738818,0.0005047429480561946,BRAS
2389060511,2389060605,0,51.086,0,5,17.82643631980715,0.056073923822402526,0.12176522774565111,0.0001330533770831646,0.00042882434413136095,BRAS
2389060511,4348999868,0,18.003999999999998,0,5,17.66010445962234,0.056602056602056604,0.05910201543259,0.0001469906257746573,0.0004232285637424852,BRAS
2389060511,5571096466,0,101.46700000000001,0,5,17.519485737243873,0.057056368389671146,0.11457209636821288,0.00033650616597147206,0.0004156685907716207,BRAS
2389060514,8890725858,0,92.125,0,5,17.90879871434311,0.055816040381379696,0.11793434370228895,0.0020931163955119378,0.0003901213497495675,BRAS
2389060514,8890725866,0,34.606,0,5,18.009240658899156,0.05550474065811489,0.12568011270860227,0.003064222618580197,0.00037270018827838724,BRAS
2389060528,6564989830,0,118.08600000000001,0,4,18.53073523503415,0.053942718383452944,0.00298571689626918,0.0005048533290582873,0.00039478496542471914,BRAS
2389060528,3609406630,0,61.141,0,4,19.155082362394538,0.05218449147387629,0.0030070855512523507,0.0002961662962335999,0.0003987304380104535,BRAS
2389060569,2389060633,0,24.882,0,4,18.123342707914826,0.055155290518521805,0.012093185020130747,6.169664185127359e-08,0.00038446151858737487,BRAS
2389060577,6595269574,0,12.437999999999999,0,4,16.923664122137403,0.05906511881869762,0.025780176961937268,0.00022077015902860687,0.00035859495645319274,BRAS
2389060584,8890573836,0,12.687999999999999,0,4,17.840899959823222,0.05602846462189794,0.10822929008907045,1.1181932981457116e-05,0.0003892150890862182,BRAS
2389060584,2389060605,0,88.572,0,4,17.93009240658899,0.05574975351797078,0.12194354548723481,3.716286247486863e-05,0.0003743688453747111,BRAS
2389060605,4348999793,0,11.389,0,4,18.06910405785456,0.05532085204784987,0.0015658066151461026,5.365888944040739e-05,0.0003601217336388339,BRAS
2389060625,2449978372,0,49.218,0,4,17.702691844114103,0.05646588897462666,0.012954562871004062,1.3112611024763732e-06,0.00040019967372281463,BRAS
2389060625,2449978385,0,22.829,0,4,17.921655283246285,0.055775999282623806,0.011973078442121893,2.7196602057515227e-06,0.0003966890153952949,BRAS
2389060633,2449978343,0,58.491,0,4,18.000803535556447,0.05553075618248371,0.03554196803838695,1.6492789675870112e-07,0.0003938460769522271,BRAS
2389062254,10724416487,0,81.977,0,4,15.810365608678184,0.06322423256759505,0.003026980505891854,0.00010959643231592581,0.00035547483200854446,BRAS
2389062263,2530563782,0,62.434,0,4,18.11691442346324,0.055174860843146385,0.04763294250800219,0.0002235950746969581,0.0003449717344747139,BRAS
2389062275,4348999793,0,157.475,0,5,18.251104861390118,0.054769190129218305,0.0005659009319680974,6.919999469677567e-05,0.00042364301914889907,BRAS
2389062275,8003099020,0,8.295,0,6,18.233427079148253,0.05482229028490845,0.006364174934125595,9.097411324252836e-05,0.0004875663226185362,BRAS
2389062275,8003099021,0,12.533,0,5,17.99116110887907,0.055560518088432334,0.005011318018639362,6.519306862732143e-05,0.00042177283202377746,BRAS
2389081920,2778109015,0,70.68,0,5,18.41261550823624,0.054288769119989526,0.00017242294020902965,3.1364614690692826e-08,0.0004412463840756373,BRAS
2389081920,2778109018,0,26.424,0,5,19.043792687826436,0.05248945147679325,0.0007759032309406335,3.8191062532501464e-08,0.00043942132088253274,BRAS
2389081922,2580267329,0,191.785,0,5,17.926476496584975,0.05576099867769336,0.011070436981625903,0.0006655196379385934,0.0004065703419282779,BRAS
2389081922,4307614260,0,45.287000000000006,0,5,18.014865407794296,0.05548741051316934,0.0025060274344055975,0.00026512196961594645,0.0004160356100236886,BRAS
2389081922,4307614255,0,21.213,0,6,18.440337484933707,0.05420715499586039,0.008408197310791612,0.00028941549637360146,0.00048468108889346555,BRAS
2389081922,6593836242,0,21.997,0,5,18.17476898352752,0.05499922629705772,0.0029363479347563385,0.00026498128684985226,0.00041320873931380975,BRAS
2389081946,2527915011,0,249.39000000000001,0,4,18.037766171153073,0.05541696364932288,0.04008096509688106,3.7149963190558395e-08,0.00038044273283362645,BRAS
2389081946,5448271940,0,621.9349999999998,0,4,17.803535556448374,0.056146051948638094,0.0,9.025192710683901e-08,0.0003840506610832622,BRAS
2389084586,2390923071,0,154.741,0,5,16.62675773402973,0.06011985308331722,0.002505290584233764,8.034004575387019e-06,0.0004303657821085752,BRAS
2389087317,8747129200,0,120.785,0,4,18.258336681398152,0.054747496974364616,0.008806833253753515,6.173552855200218e-07,0.00035998678847372096,BRAS
2390923071,4171940000,0,36.429,0,4,16.658497388509442,0.0600053059354123,0.019590635518536202,4.896831821756178e-06,0.0003571920999424498,BRAS
2449928273,11073528287,0,104.76,0,4,19.10847730012053,0.052311768045247155,0.004042360042678362,0.000830359857003069,0.0003938993638872679,BRAS
2449928273,6625433754,0,11.346,0,2,19.117717959019686,0.052286482851378616,0.0012135922330097086,0.0007304895758178699,0.00021213002003425446,BRAS
2449978326,4358383857,0,34.29,0,4,18.766171153073522,0.05326596587381447,0.0036363555979981254,7.510763528525922e-08,0.0004577892513658921,BRAS
2449978337,8815902832,0,49.187000000000005,0,4,18.88790678987545,0.05292265804475453,0.02053601428899853,1.0591619578134666e-08,0.0003939519221110911,BRAS
2449978339,2449978346,0,28.485,0,5,17.380875853756528,0.05751138438778577,0.07057845685889613,5.928914657207739e-07,0.0003970723762777881,BRAS
2449978343,4728200713,0,267.356,0,4,17.965849738850945,0.055638795089116,0.0,4.3646297292569326e-07,0.0004056945373358143,BRAS
2449978346,2449978357,0,44.506,0,5,17.304941743672156,0.057763744427934624,0.07201310414345588,8.422840066231129e-07,0.0004038096601276225,BRAS
2449978357,5639817292,0,14.093,0,4,17.230614704700685,0.05801291766735841,0.15270335591042258,1.7052025354406039e-06,0.00036112985886810887,BRAS
2449978369,7990934267,0,131.613,0,4,17.170349537967056,0.05821653368275733,0.013188881225647101,1.8069341470190808e-06,0.00039748266589519,BRAS
2449978369,2449978372,0,19.952,0,4,17.34471675371635,0.05763128025758032,0.013198460277880937,1.639995497039644e-06,0.0004012622996862586,BRAS
2449978373,2449978377,0,27.395,0,2,19.015267175572518,0.05256819286272687,0.0012135922330097086,8.278417523615976e-08,0.0002557324919721643,BRAS
2449978373,4728200713,0,90.502,0,4,18.18722378465247,0.05496156225148007,0.0034521430550397605,3.794023248465244e-07,0.0004428707542762301,BRAS
2449978373,4728200698,0,70.35,0,3,18.77259943752511,0.05324772605671482,0.001044116693488013,9.425201840573262e-08,0.0003542307175405404,BRAS
2449978385,2449978389,0,144.63,0,4,17.75733226195259,0.056292139915833296,0.0003345299780123909,8.389632027766436e-06,0.0003896685189811517,BRAS
2449978389,3495827063,0,209.884,0,4,17.984331056649257,0.05558161874762639,0.0016557023361097848,1.4666435131177468e-05,0.0003809698290867209,BRAS
2449978389,2449978391,0,68.322,0,4,17.47047006830052,0.05721644742893938,0.0026113970089777826,2.6407575466335896e-05,0.0003790533266460822,BRAS
2449978391,7999669493,0,51.773,0,4,17.204901566894335,0.0580996193634262,0.045114388620675426,2.51406821925758e-05,0.0003801640672409275,BRAS
2527915002,2527915003,0,42.51,0,4,17.228204098031338,0.05802103495720715,0.0015820173189264387,1.211028708769978e-06,0.00038535679687579316,BRAS
2527915002,2580269444,0,148.59699999999998,0,4,17.24186420249096,0.057975066992892926,0.005781326448205328,2.451736930855834e-06,0.0003794536389179305,BRAS
2527915003,4338378992,0,149.575,0,4,16.661711530735236,0.059993730558703676,0.0191831573735123,1.480932571188271e-06,0.00037767674941616174,BRAS
2527915003,8008384713,0,163.261,0,4,17.36560867818401,0.05756194618605835,0.020040850973526446,6.558284492693462e-07,0.0003861587228781004,BRAS
2527915011,2778109002,0,37.102000000000004,0,4,18.48292486942547,0.05408225371706808,0.0434424755807853,4.699210495790155e-08,0.00036992882384809256,BRAS
2530563762,2530563782,0,124.50800000000001,0,4,18.201285656890317,0.054919100280334636,0.0007840085828308015,0.00015622625944450045,0.00034674773751681775,BRAS
2530563782,8003099020,0,57.452,0,5,18.027721976697467,0.055447839361725836,0.04820694879186046,0.00010985646482941712,0.000417890617845238,BRAS
2580267329,2580267330,0,82.294,0,4,17.588991562876657,0.056830900660133854,0.0003765304378068981,0.0011407285363610033,0.00033476098765798066,BRAS
2580269444,4338378992,0,42.227,0,4,16.66492567296103,0.059982159647050316,0.0004428469532719095,2.7216407932704207e-06,0.0003717735914582992,BRAS
2620440924,5312688626,0,12.098,0,4,21.361591000401766,0.04679418458124095,0.0323808808012214,7.256985300080191e-11,0.0003452084144581668,BRAS
2620441915,5706263932,0,132.465,0,2,20.93933306548815,0.047737825703211945,0.0012135922330097086,2.6480714031561145e-10,0.00020407514086300758,BRAS
2620454153,8815902832,0,94.80100000000002,0,4,18.32261952591402,0.05455542155465409,9.579052233834982e-06,2.5342465931328285e-08,0.0003689738027602789,BRAS
2778108991,2778108997,0,51.678,0,4,17.958216151064686,0.05566244574701329,0.010642327031790664,6.734693490509822e-08,0.000360198656986569,BRAS
2778108997,8480423186,0,11.451,0,4,18.18119726797911,0.054979780346054406,0.03662513779098213,1.32197172304897e-07,0.0003609850202641191,BRAS
2778109002,2778109014,0,46.358000000000004,0,4,18.897950984331057,0.052894529838212474,0.006006802600786366,4.729882981501155e-08,0.0003654006597641093,BRAS
2778109015,8902274914,0,6.544,0,4,18.712334270791484,0.05341921631776704,0.003147087083900708,1.1230796331180956e-08,0.0003743874099117753,BRAS
2778109018,8902274914,0,61.717999999999996,0,4,19.059863398955404,0.05244519392917369,0.004896369391833342,1.8057244170441812e-08,0.0003726619215004984,BRAS
2814556790,5839259633,0,16.766,0,4,16.292486942547207,0.061353324127046756,0.058195689721234845,3.6882951432772225e-05,0.00038757355511880536,BRAS
2814556790,10724416487,0,71.53900000000002,0,4,16.103254319003614,0.06207429954342457,0.0009719053766483338,8.161270229268408e-05,0.0003755103214177453,BRAS
3428900078,3456414376,0,211.702,0,5,19.412213740458014,0.05149326324068133,0.016097965704045602,2.1136091664486633e-09,0.00044066532741237035,BRAS
3428900079,5706263932,0,100.44200000000001,0,5,20.366813981518682,0.049079754601226995,0.006877022653721683,9.247996859253318e-10,0.00042324737917350647,BRAS
3456414376,3456414377,0,54.903999999999996,0,2,19.60747288067497,0.05098047251193574,0.0012135922330097086,1.2363474230564934e-09,0.0002067715585913596,BRAS
3495827063,3495827064,0,213.043,0,4,18.027320208919246,0.055449075105861376,0.0006292700467457749,3.31015132045836e-05,0.00036550971824473444,BRAS
3609406629,3609406632,0,37.837,0,4,18.555243069505824,0.0538714706391824,0.0024176054137855824,0.0007898028450295994,0.0003862442114961967,BRAS
3609406629,3609406630,0,139.617,0,4,18.924065889915628,0.052821536240499345,0.00026305551134454526,0.000585134841463201,0.00039510903962454175,BRAS
3609406630,11073528287,0,37.295,0,4,19.20530333467256,0.0520480314631187,0.003254667208988393,0.0003545227522713665,0.0004024976103482611,BRAS
3609406632,4307635045,0,60.734,0,4,19.019284853354762,0.05255708823591542,0.0014515948385119162,0.0004870033336411923,0.0004066832034428099,BRAS
3609406634,8932144981,0,99.904,0,4,17.107271996785858,0.058431188351338655,0.029939696181937148,0.003340292701253101,0.00037916805154015456,BRAS
3609406634,3609406635,0,75.293,0,2,17.82643631980715,0.056073923822402526,0.0012135922330097086,0.0008041985297392785,0.00021586449975819204,BRAS
3701154929,7990934267,0,4.477,0,4,17.463238248292487,0.05724014171996503,0.0694392864932416,2.9156579065256503e-06,0.00039684409381043466,BRAS
4307569526,8747172548,0,30.782,0,2,18.980313378867017,0.05266500148173236,0.0012135922330097086,1.9089609324664256e-07,0.00023699401886621412,BRAS
4307569526,4307569903,0,52.033,0,4,18.610687022900763,0.0537109796640905,0.004769631162277987,3.7985159897221523e-07,0.0004274756457771802,BRAS
4307569526,6892826154,0,29.872999999999998,0,5,18.298915226998794,0.0546260923022878,0.0046458403334099655,7.123712009843793e-07,0.0005038015729799136,BRAS
4307569903,6892826158,0,12.995,0,2,19.20088388911209,0.05206001129919859,0.0012135922330097086,2.454679510187929e-07,0.0002318726602040376,BRAS
4307595904,5133142148,0,6.473,0,2,18.938931297709924,0.05278007594560767,0.0012135922330097086,4.5435162700023725e-09,0.00021946616804694374,BRAS
4307614255,6593836242,0,26.109,0,5,18.219365206910407,0.05486460262856135,0.0004170571972577384,0.00016974936820077018,0.0004166258302056292,BRAS
4307614255,4307614260,0,46.148,0,5,18.029329047810364,0.05544289693593315,0.0012430662398830472,0.0001698900509668465,0.0004194527009155081,BRAS
4307614260,4307614262,0,93.283,0,4,17.72358376858176,0.056399329011198256,0.0029319268337253375,0.00012710387977165236,0.0003603331178941721,BRAS
4307635043,4307635045,0,44.133,0,2,20.014061872237846,0.04994479574425374,0.0012135922330097086,0.0001404800101948217,0.00023621079836897888,BRAS
4307635045,11073528287,0,79.77,0,4,19.643230212936924,0.05088767078458643,0.0014840162460725886,0.00031676099418233327,0.00041798014222199235,BRAS
4307635537,4307635538,0,106.834,0,2,18.67255926074729,0.053533006282812635,0.0012135922330097086,1.6738982454833541e-06,0.00024272224286351897,BRAS
4307638046,4307638047,0,97.783,0,4,20.236641221374047,0.049395461494173,0.00409099215401937,2.5575007146095313e-10,0.00034092519979049394,BRAS
4348999793,4348999868,0,53.010999999999996,0,4,18.233025311370028,0.054823498303292056,0.00035516178282372777,6.759613813189337e-05,0.00035487396392958564,BRAS
4358383856,4358383857,0,73.124,0,2,19.76496584973885,0.05057424535013721,0.0012135922330097086,1.5907388547308535e-08,0.000276970698765644,BRAS
4363507445,7289324417,0,63.422999999999995,0,4,18.99718762555243,0.05261822180864563,0.002681397775301961,7.84359412533225e-09,0.00035746285383896233,BRAS
4363519628,4363520576,0,68.591,0,2,20.27922860586581,0.04929172857850421,0.0012135922330097086,5.776423853964333e-11,0.00021507668735640083,BRAS
4363524811,4363526995,0,69.07900000000001,0,2,20.36078746484532,0.049094281542286594,0.0012135922330097086,3.2323684169406424e-10,0.00023521291242531287,BRAS
4363532207,5316922511,0,9.404,0,2,20.524708718360788,0.04870218846650746,0.0012135922330097086,2.9178056194053135e-10,0.00024598829846090474,BRAS
4363532846,4363533979,0,59.348,0,2,21.260345520289274,0.04701702666439896,0.0012135922330097086,2.075043163681833e-11,0.0002528833493954553,BRAS
4617459762,5825757125,0,20.022,0,4,21.010445962233828,0.047576250119514295,0.0006720073567121155,3.960483615962084e-10,0.000377834306253709,BRAS
4702060041,13444306183,0,71.34,0,4,19.383688228204097,0.0515690419931186,0.060546978619555415,2.5273634441783183e-09,0.00038558401805435257,BRAS
4728200713,5639817292,0,28.645999999999997,0,4,17.6793893129771,0.0565403145168621,0.004653945685300134,1.5572727046658594e-06,0.00040037734146873696,BRAS
5124579530,10677331358,0,16.272,0,4,19.57010847730012,0.05107780743173886,0.03707609009614421,3.7020154190564356e-10,0.0003560313296053855,BRAS
5124579530,5124579531,0,16.451999999999998,5,4,19.85496183206107,0.050345009004633845,0.002767609245406476,4.6394986303678e-10,0.00036341242776598737,BRAS
5124579531,13444306183,0,8.863,0,4,19.693451185214947,0.05075790032029704,0.06209657453092118,8.955896098717769e-10,0.0003824470895471569,BRAS
5124579531,10677331358,0,16.229,0,4,19.914825231016472,0.05019367333763718,0.059307596630531534,3.487155838752397e-10,0.0003671496789964557,BRAS
5316922511,6597477483,0,59.378,0,4,19.96826034552029,0.050059354942556485,0.01228108181394828,1.3382164578206214e-09,0.00043906331013006096,BRAS
5448271940,8008384713,0,3.488,0,4,17.57372438730414,0.05688027251320272,0.027051243508349986,2.9193635867632513e-07,0.00038525591193509616,BRAS
5448271940,8480423186,0,257.432,0,4,17.752912816392126,0.05630615339353203,0.026346077893905365,1.557880740691056e-07,0.00037332312856092607,BRAS
5571096466,8890725858,0,25.146,0,4,17.754921655283248,0.056299782766111514,0.11519326106306847,0.0007097443789489389,0.00033779492245946736,BRAS
5639817292,7999669493,0,342.12600000000003,0,4,17.23784652470872,0.05798857941964806,0.15135860434682652,6.388956069656132e-06,0.0003863590752219985,BRAS
5825840221,8753316632,0,365.699,0,4,15.15628766572921,0.0659527091506733,0.004029096739585359,2.2243062418112125e-06,0.00037588885006309533,BRAS
5839259628,7991970708,0,11.911,0,5,17.51265568501406,0.057078620752942254,0.04132182078624861,2.53660970475239e-05,0.00039802753434384393,BRAS
5839259633,9283753159,0,442.375,0,2,16.872639614302933,0.05924373749880941,0.0012135922330097086,2.041050862779381e-05,0.00021729487992046677,BRAS
5839259644,12518054509,0,7.2010000000000005,0,2,18.28686219365207,0.05466209684506547,0.0012135922330097086,1.0225720079124186e-05,0.00023615569750519807,BRAS
5839259644,5839259645,0,27.692,0,4,17.667738047408598,0.056577600909607735,0.001808230321679311,3.7508221693156624e-05,0.00041491581048011056,BRAS
6593466716,6593466736,0,7.644,0,2,19.451586982723985,0.05138903232469276,0.0012135922330097086,2.352820593913068e-07,0.0002247566470198702,BRAS
6597477483,6597482285,0,85.149,0,2,20.362394535958217,0.049090406850558384,0.0012135922330097086,1.2455291352382432e-09,0.00023446604496222775,BRAS
6892826153,6892826154,0,9.65,0,3,18.367215749296907,0.054422959139032286,0.0012135922330097086,6.274581775174492e-07,0.000309461781983262,BRAS
6892826154,8008384713,0,42.525,0,5,17.646042587384493,0.05664716194986453,0.007743558455797832,7.684619458549287e-07,0.0004798083962486902,BRAS
7999669493,8890573836,0,52.358,0,4,17.526315789473685,0.05703413337001123,0.10665464127186235,8.15161625859612e-06,0.000390528598193632,BRAS
8003099020,8003099021,0,15.343,0,5,17.9867416633186,0.05557416962630392,0.048937167312147416,6.709792523636322e-05,0.00042059577502358026,BRAS
8753316632,8753316633,0,30.058,0,4,15.533547609481719,0.0643509298295528,0.007098814555443554,5.299905620788831e-07,0.0003815243680791246,BRAS
